pl_hostname,pl_letter,st_dist,st_disterr,st_glon,st_glat,pl_orbsmax,pl_orbsmaxerr1,pl_orbsmaxerr2,pl_masse,pl_masseerr1,pl_masseerr2,pl_rade,pl_radeerr1,pl_radeerr2,pl_massj,pl_massjerr1,pl_massjerr2,pl_radj,pl_radjerr1,pl_radjerr2
GJ 3634,b,,,276.223415,25.810030,0.028700,0.001000,-0.001100,7.00000,0.90000,-0.80000,,,,0.02200,0.00350,-0.00350,,,
GJ 433,b,9.04,0.14,284.883981,27.654775,,,,6.03852,0.00000,0.00000,,,,0.01900,,,,,
GJ 436,b,10.23,0.23,210.542041,74.568904,0.028500,,,23.42310,1.71620,-1.71620,4.091,0.202,-0.202,0.07370,0.00540,-0.00540,0.365,0.018,-0.018
GJ 649,b,10.32,0.16,46.523749,35.337414,1.135000,0.035000,-0.035000,104.00000,10.00000,-10.00000,,,,0.32800,0.03200,-0.03200,,,
GJ 667C,b,,,351.839581,1.414650,0.049000,,,5.68570,0.23800,-0.23800,,,,0.01789,0.00075,-0.00075,,,
GJ 667C,c,,,351.839581,1.414650,0.123000,0.020000,-0.020000,4.54500,0.38100,-0.38100,,,,0.01430,0.00120,-0.00120,,,
GJ 674,b,4.54,0.03,343.003882,-6.777523,0.039000,,,11.09000,0.00000,0.00000,,,,0.03489,,,,,
GJ 676A,b,16.13,0.46,339.103970,-9.542696,,,,1271.26644,0.00000,0.00000,,,,4.00000,,,,,
GJ 832,b,4.94,0.03,349.172997,-46.349541,3.400000,0.400000,-0.400000,203.40263,19.06900,-19.06900,,,,0.64000,0.06000,-0.06000,,,
Gj 849,b,8.77,0.16,55.890562,-45.399081,2.350000,,,260.00000,0.00000,0.00000,,,,0.82000,,,,,
Gl 179,b,12.12,0.56,192.225850,-22.862487,2.410000,0.040000,-0.040000,260.00000,20.00000,-20.00000,,,,0.82000,0.07000,-0.07000,,,
Gl 581,b,6.27,0.09,354.077543,40.018750,0.040000,,,15.65000,0.00000,0.00000,,,,0.04924,,,,,
Gl 581,c,6.27,0.09,354.077543,40.018750,0.070000,,,5.36000,0.00000,0.00000,,,,0.01690,,,,,
Gl 581,d,6.27,0.09,354.077543,40.018750,0.220000,,,7.09000,0.00000,0.00000,,,,0.02230,,,,,
Gl 581,e,6.27,0.09,354.077543,40.018750,0.030000,,,1.94000,0.00000,0.00000,,,,0.00610,,,,,
Gl 86,b,10.91,0.07,275.926290,-61.960869,0.113000,0.006500,-0.006500,1243.00000,100.00000,-100.00000,,,,3.91000,0.32000,-0.32000,,,
Gliese 876,b,4.70,0.05,52.003955,-59.630067,0.211000,,,839.00000,0.00000,0.00000,,,,2.64000,,,,,
Gliese 876,c,4.70,0.05,52.003955,-59.630067,0.132000,,,260.00000,0.00000,0.00000,,,,0.83000,,,,,
Gliese 876,d,4.70,0.05,52.003955,-59.630067,0.021000,,,6.30000,0.00000,0.00000,,,,0.02000,,,,,
Gliese 876,e,4.70,0.05,52.003955,-59.630067,0.334300,0.001300,-0.001300,124.26000,0.70000,-0.70000,,,,0.04600,0.00500,-0.00500,,,
GQ Lup,b,,,338.925673,14.511039,,,,6830.00000,6520.00000,-6520.00000,20.000,,,21.50000,20.50000,-20.50000,1.800,,
GSC 06214-00210,b,,,355.261958,20.124738,,,,4449.43000,0.00000,0.00000,,,,14.00000,0.00000,0.00000,,,
HAT-P-11,b,36.36,1.23,81.833662,10.772474,0.053000,0.000200,-0.000800,25.74315,2.86035,-2.86035,4.730,0.112,-0.112,0.08100,0.00900,-0.00900,0.422,0.010,-0.010
HAT-P-12,b,142.50,4.20,87.991696,68.875804,0.038400,0.000300,-0.000300,66.74200,3.81400,-3.81400,10.492,0.135,-0.135,0.21000,0.01200,-0.01200,0.936,0.012,-0.012
HAT-P-13,b,214.00,12.00,172.498255,37.542172,0.042700,0.000600,-0.001200,270.46200,12.07700,-12.07700,14.258,0.729,-0.729,0.85100,0.03800,-0.03800,1.272,0.065,-0.065
HAT-P-13,c,214.00,12.00,172.498255,37.542172,1.188000,0.018000,-0.033000,4830.00000,320.00000,-320.00000,,,,15.20000,1.00000,-1.00000,,,
HAT-P-14,b,205.00,11.00,62.589094,33.537604,0.060600,0.000700,-0.000700,709.36700,18.75120,-18.75120,12.890,0.583,-0.583,2.23200,0.05900,-0.05900,1.150,0.052,-0.052
HAT-P-15,b,190.00,8.00,161.558568,-6.891566,0.096400,0.001400,-0.001400,618.47100,20.97590,-20.97590,12.016,0.482,-0.482,1.94600,0.06600,-0.06600,1.072,0.043,-0.043
HAT-P-16,b,235.00,10.00,120.346854,-20.342618,0.041300,0.000400,-0.000400,1332.61000,29.87480,-29.87480,14.448,0.740,-0.740,4.19300,0.09400,-0.09400,1.289,0.066,-0.066
HAT-P-17,b,90.00,3.00,80.852110,-16.176687,0.088200,0.001400,-0.001400,168.44300,5.72070,-5.72070,11.321,0.325,-0.325,0.53000,0.01800,-0.01800,1.010,0.029,-0.029
HAT-P-17,c,90.00,3.00,80.852110,-16.176687,2.750000,0.120000,-0.120000,444.94300,349.59800,-127.12700,,,,1.40000,1.10000,-0.40000,,,
HAT-P-18,b,166.00,9.00,55.652182,35.561804,0.055900,0.000700,-0.000700,62.60990,4.13162,-4.13162,11.153,0.583,-0.583,0.19700,0.01300,-0.01300,0.995,0.052,-0.052
HAT-P-19,b,215.00,15.00,119.817745,-28.079258,0.046600,0.000800,-0.000800,92.80250,5.72070,-5.72070,12.689,0.807,-0.807,0.29200,0.01800,-0.01800,1.132,0.072,-0.072
HAT-P-1,b,155.00,15.00,99.791512,-19.036217,0.055310,0.001400,-0.001400,167.00000,10.00000,-10.00000,13.730,0.660,-0.660,0.52400,0.03100,-0.03100,1.225,0.059,-0.059
HAT-P-20,b,70.00,3.00,194.414905,18.394672,0.036100,0.000500,-0.000500,2302.90000,59.43170,-59.43170,9.718,0.370,-0.370,7.24600,0.18700,-0.18700,0.867,0.033,-0.033
HAT-P-21,b,254.00,19.00,169.324835,67.463713,0.049400,0.000700,-0.000700,1291.29000,51.16850,-51.16850,11.478,1.031,-1.031,4.06300,0.16100,-0.16100,1.024,0.092,-0.092
HAT-P-22,b,82.00,3.00,163.647264,53.566834,0.041400,0.000500,-0.000500,682.35200,19.38680,-19.38680,12.106,0.650,-0.650,2.14700,0.06100,-0.06100,1.080,0.058,-0.058
HAT-P-23,b,393.00,25.00,58.936294,-11.834165,0.023200,0.000200,-0.000200,664.23700,35.27760,-35.27760,15.334,1.009,-1.009,2.09000,0.11100,-0.11100,1.368,0.090,-0.090
HAT-P-24,b,396.00,20.00,202.738016,11.653161,0.046500,0.000600,-0.000600,217.70400,10.48790,-10.48790,13.922,0.751,-0.751,0.68500,0.03300,-0.03300,1.242,0.067,-0.067
HAT-P-25,b,297.00,17.00,159.314258,-27.442491,0.046600,0.000500,-0.000500,180.20200,6.99197,-6.99197,13.339,0.908,-0.628,0.56700,0.02200,-0.02200,1.190,0.081,-0.056
HAT-P-26,b,134.00,18.00,346.513394,59.873133,0.047900,0.000600,-0.000600,18.75120,2.22472,-2.22472,6.333,0.807,-0.359,0.05900,0.00700,-0.00700,0.565,0.072,-0.032
HAT-P-27,b,204.00,14.00,1.683409,54.543954,0.040300,0.000500,-0.000500,209.75900,10.48790,-10.48790,11.635,0.863,-0.650,0.66000,0.03300,-0.03300,1.038,0.077,-0.058
HAT-P-28,b,395.00,34.00,123.063604,-28.143139,0.043400,0.000700,-0.000700,198.95300,11.75920,-11.75920,13.585,1.267,-0.919,0.62600,0.03700,-0.03700,1.212,0.113,-0.082
HAT-P-29,b,322.00,35.00,135.470653,-9.107909,0.066700,0.000800,-0.000800,247.26100,24.15410,-12.71270,12.408,1.524,-0.919,0.77800,0.07600,-0.04000,1.107,0.136,-0.082
HAT-P-2,b,135.32,14.40,65.020956,45.232339,0.068780,0.000680,-0.000680,2890.00000,76.00000,-76.00000,12.970,0.820,-0.690,9.09000,0.24000,-0.24000,1.157,0.073,-0.062
HAT-P-30,b,193.00,8.00,217.412057,21.405463,0.041900,0.000500,-0.000500,225.96800,8.89887,-8.89887,15.020,0.729,-0.729,0.71100,0.02800,-0.02800,1.340,0.065,-0.065
HAT-P-31,b,354.00,74.00,52.720282,21.063456,0.055000,0.015000,-0.015000,689.98000,33.37070,-24.47190,11.994,5.380,-3.587,2.17100,0.10500,-0.07700,1.070,0.480,-0.320
HAT-P-31,c,354.00,74.00,52.720282,21.063456,,,,1080.58000,0.00000,0.00000,,,,3.40000,,,,,
HAT-P-32,b,283.00,5.00,135.698586,-14.372978,0.034300,0.000400,-0.000400,273.32200,52.12200,-52.12200,20.053,0.280,-0.280,0.86000,0.16400,-0.16400,1.789,0.025,-0.025
HAT-P-33,b,387.00,9.00,185.307412,22.730100,0.049900,0.000500,-0.000500,242.17600,32.10000,-32.10000,18.898,0.504,-0.504,0.76200,0.10100,-0.10100,1.686,0.045,-0.045
HAT-P-34,b,257.00,22.00,58.541037,-8.758864,0.067700,0.000800,-0.000800,1057.70000,67.06000,-67.06000,13.417,1.435,-2.152,3.32800,0.21100,-0.21100,1.197,0.128,-0.192
HAT-P-35,b,535.00,32.00,218.073922,20.308229,0.049800,0.000600,-0.000600,334.98000,10.50000,-10.50000,14.930,1.100,-1.100,1.05400,0.03300,-0.03300,1.332,0.098,-0.098
HAT-P-36,b,317.00,17.00,133.413816,71.837171,0.023800,0.000400,-0.000400,582.24000,31.50000,-31.50000,14.168,0.796,-0.796,1.83200,0.09900,-0.09900,1.264,0.071,-0.071
HAT-P-37,b,411.00,26.00,81.208299,19.983617,0.037900,0.000600,-0.000600,371.53000,32.74000,-32.74000,13.204,0.863,-0.863,1.16900,0.10300,-0.10300,1.178,0.077,-0.077
HAT-P-38,b,249.00,26.00,,,0.052300,0.000900,-0.000900,84.85700,6.35600,-6.35600,9.247,1.031,-0.706,0.26700,0.02000,-0.02000,0.825,0.092,-0.063
HAT-P-39,b,642.00,29.00,201.417298,17.446361,0.050900,0.000600,-0.000600,190.37200,31.46400,-31.46400,17.609,1.211,-0.908,0.59900,0.09900,-0.09900,1.571,0.108,-0.081
HAT-P-3,b,139.00,13.00,100.166723,66.692503,0.038660,0.000410,-0.000410,187.83000,5.72000,-5.72000,9.270,0.616,-0.616,0.59100,0.01800,-0.01800,0.827,0.055,-0.055
HAT-P-40,b,501.00,16.00,97.343605,-9.862857,0.060800,0.000600,-0.001500,195.45700,12.07700,-12.07700,19.392,0.695,-0.695,0.61500,0.03800,-0.03800,1.730,0.062,-0.062
HAT-P-41,b,344.00,12.00,43.840879,-10.626004,0.042600,0.000500,-0.000500,254.25300,32.41700,-32.41700,18.887,0.852,-0.572,0.80000,0.10200,-0.10200,1.685,0.076,-0.051
HAT-P-4,b,314.00,24.00,58.479782,57.336273,0.044380,0.000810,-0.001500,216.11500,0.04000,-0.04000,14.930,0.583,-0.583,0.68000,0.04000,-0.04000,1.332,0.052,-0.052
HAT-P-5,b,342.00,30.00,63.936604,22.149225,0.040750,0.000760,-0.000760,337.00000,35.00000,-35.00000,14.034,0.482,-0.482,1.06000,0.11000,-0.11000,1.252,0.043,-0.043
HAT-P-6,b,261.00,20.00,108.963542,-18.435101,0.052370,0.000850,-0.000900,336.60000,17.00000,-17.00000,14.910,0.720,-0.650,1.05900,0.05300,-0.05200,1.330,0.064,-0.058
HAT-P-7,b,320.00,50.00,80.032910,13.975376,0.032000,0.003300,-0.001300,564.44200,24.47200,-15.57300,15.278,2.186,-0.975,1.77600,0.07700,-0.04900,1.363,0.195,-0.087
HAT-P-8,b,230.00,15.00,97.144567,-21.382393,0.048700,0.002600,-0.002600,483.00000,57.00000,-51.00000,16.800,0.900,-0.700,1.52000,0.18000,-0.16000,1.500,0.080,-0.060
HAT-P-9,b,480.00,60.00,181.086640,21.442699,0.053000,0.002000,-0.002000,250.00000,30.00000,-30.00000,15.700,0.700,-0.700,0.78000,0.09000,-0.09000,1.400,0.060,-0.060
HATS-1,b,303.00,38.00,282.953965,36.812483,0.044400,0.000800,-0.000800,589.55000,83.26800,-62.29210,14.594,1.816,-1.098,1.85500,0.26200,-0.19600,1.302,0.162,-0.098
HD 100655,b,140.85,15.06,229.798958,71.319178,0.760000,0.020000,-0.040000,540.00000,32.00000,-64.00000,,,,1.70000,0.10000,-0.20000,,,
HD 100777,b,52.80,3.00,270.285305,53.257072,1.030000,0.030000,-0.030000,368.66700,9.53400,-9.53400,,,,1.16000,0.03000,-0.03000,,,
HD 10180,c,39.39,0.94,292.805329,-55.693915,0.064100,0.001000,-0.001000,13.10000,0.54000,-0.54000,,,,0.04122,0.00170,-0.00170,,,
HD 10180,d,39.39,0.94,292.805329,-55.693915,0.128600,0.002000,-0.002000,11.75000,0.65000,-0.65000,,,,0.03697,0.00205,-0.00205,,,
HD 10180,e,39.39,0.94,292.805329,-55.693915,0.269900,0.004200,-0.004200,25.10000,1.20000,-1.20000,,,,0.07898,0.00378,-0.00378,,,
HD 10180,f,39.39,0.94,292.805329,-55.693915,0.492900,0.007800,-0.007800,23.90000,1.40000,-1.40000,,,,0.07520,0.00441,-0.00441,,,
HD 10180,g,39.39,0.94,292.805329,-55.693915,1.422000,0.026000,-0.026000,21.40000,3.40000,-3.40000,,,,0.06733,0.01070,-0.01070,,,
HD 10180,h,39.39,0.94,292.805329,-55.693915,3.400000,0.110000,-0.110000,64.40000,4.60000,-4.60000,,,,0.20263,0.01447,-0.01447,,,
HD 101930,b,30.50,0.87,294.010351,3.683337,0.302000,,,95.34498,0.00000,0.00000,,,,0.30000,,,,,
HD 102117,b,42.00,1.41,294.360396,3.055400,0.153200,0.008800,-0.008800,54.66400,5.72100,-5.72100,,,,0.17200,0.01800,-0.01800,,,
HD 102195,b,28.98,0.94,267.218171,61.050029,,,,140.00000,0.00000,0.00000,,,,0.45000,,,,,
HD 102272,b,164.20,,250.293857,70.022167,0.614000,0.001000,-0.001000,1875.11800,63.56300,-63.56300,,,,5.90000,0.20000,-0.20000,,,
HD 102272,c,164.20,,250.293857,70.022167,1.570000,0.050000,-0.050000,826.32300,127.12700,-127.12700,,,,2.60000,0.40000,-0.40000,,,
HD 102329,b,138.50,17.44,266.983709,61.746619,2.010000,,,1880.00000,0.00000,0.00000,,,,5.90000,,,,,
HD 102365,b,9.24,0.06,289.799073,20.710077,0.460000,0.040000,-0.040000,16.00000,2.60000,-2.60000,,,,0.05000,0.00800,-0.00800,,,
HD 102956,b,121.07,12.37,137.972397,57.699218,0.081000,0.002000,-0.002000,305.10400,15.89080,-15.89080,,,,0.96000,0.05000,-0.05000,,,
HD 103197,b,49.33,3.34,293.448514,11.497695,,,,31.78166,0.00000,0.00000,,,,0.10000,,,,,
HD 104067,b,20.82,0.44,286.654418,40.860006,0.264300,0.004500,-0.004500,59.11390,4.13162,-4.13162,,,,0.18600,0.01300,-0.01300,,,
HD 104985,b,102.04,5.14,126.321539,39.917103,0.780000,,,2000.00000,0.00000,0.00000,,,,6.30000,,,,,
HD 106252,b,37.44,1.23,273.502761,70.713178,2.611000,0.026000,-0.026000,2200.00000,51.00000,-51.00000,,,,6.92000,0.16000,-0.16000,,,
HD 106270,b,87.87,7.23,287.595668,52.228706,4.300000,,,3500.00000,0.00000,0.00000,,,,11.00000,,,,,
HD 10647,b,17.35,0.19,286.897363,-61.769326,2.030000,0.150000,-0.150000,300.00000,57.00000,-57.00000,,,,0.93000,0.18000,-0.18000,,,
HIP 59743A,b,36.36,1.93,287.285812,54.507094,,,,3337.00000,,,,,,10.49980,,,,,
HD 10697,b,32.56,0.84,139.671366,-41.043341,2.131000,0.018000,-0.018000,1970.00000,48.00000,-48.00000,,,,6.21000,0.15000,-0.15000,,,
HD 107148,b,51.26,2.50,287.371830,58.575395,0.269000,0.016000,-0.016000,66.74100,11.44100,-11.44100,,,,0.21000,0.03600,-0.03600,,,
HD 108147,b,38.56,1.00,300.125329,-1.290217,0.102000,0.005900,-0.005900,83.00000,13.00000,-13.00000,,,,0.26100,0.04000,-0.04000,,,
HD 108863,b,138.50,18.02,258.985622,82.939960,1.400000,,,826.00000,0.00000,0.00000,,,,2.60000,,,,,
HD 108874,b,68.54,5.37,253.571088,83.624599,1.053000,0.061000,-0.061000,426.00000,41.00000,-41.00000,,,,1.34000,0.11000,-0.11000,,,
HD 108874,c,68.54,5.37,253.571088,83.624599,2.770000,0.160000,-0.160000,338.20000,31.00000,-31.00000,,,,1.06400,0.09900,-0.09900,,,
HD 109246,b,65.62,3.16,124.683863,42.573013,0.330000,0.080000,-0.080000,244.71900,28.60350,-28.60350,,,,0.77000,0.09000,-0.09000,,,
HD 109749,b,59.03,5.98,300.042221,21.980192,0.063500,,,89.00000,5.10000,-5.10000,,,,0.28000,0.01600,-0.01600,,,
HD 110014,b,97.66,7.73,297.697047,54.752220,2.140000,0.030000,-0.030000,3525.00000,300.00000,-300.00000,,,,11.09000,1.00000,-1.00000,,,
HD 111232,b,28.88,0.65,302.694112,-5.554526,1.970000,,,2160.00000,0.00000,0.00000,,,,6.80000,,,,,
HD 113538,b,15.71,0.32,305.025704,10.373918,0.710000,0.010000,-0.010000,85.81050,25.42530,-25.42530,,,,0.27000,0.08000,-0.08000,,,
HD 113538,c,15.71,0.32,305.025704,10.373918,2.430000,0.060000,-0.060000,225.65000,19.06900,-19.06900,,,,0.71000,0.06000,-0.06000,,,
HD 114386,b,28.04,1.00,307.373028,27.651165,1.650000,,,394.09260,0.00000,0.00000,,,,1.24000,,,,,
HIP 64295,c,28.04,1.00,307.373028,27.651165,,,,377.00000,,,,,,1.18622,,,,,
HD 114729,b,35.00,1.15,308.195212,30.780665,2.110000,0.120000,-0.120000,300.00000,32.00000,-32.00000,,,,0.95000,0.10000,-0.10000,,,
HD 114762,b,40.57,2.24,330.658680,79.246772,0.363000,0.021000,-0.021000,3710.00000,310.00000,-310.00000,,,,11.68000,0.96000,-0.96000,,,
HD 114783,b,20.43,0.43,313.669265,60.162079,1.160000,0.019000,-0.019000,350.00000,20.00000,-20.00000,,,,1.10000,0.06000,-0.06000,,,
HD 11506,b,53.82,2.67,187.757215,-73.994616,2.430000,0.240000,-0.120000,1093.28900,286.03500,-149.37400,,,,3.44000,0.90000,-0.47000,,,
HD 11506,c,53.82,2.67,187.757215,-73.994616,0.639000,0.007000,-0.017000,260.61000,98.52300,-158.90800,,,,0.82000,0.31000,-0.50000,,,
HD 116029,b,110.62,10.82,13.885099,82.977258,1.730000,,,667.00000,0.00000,0.00000,,,,2.10000,,,,,
HD 117207,b,33.01,0.97,311.552426,26.665355,3.790000,0.220000,-0.220000,597.00000,54.00000,-54.00000,,,,1.88000,0.17000,-0.17000,,,
HD 117618,b,38.02,1.30,310.111452,15.028259,0.176000,0.010000,-0.010000,56.60000,6.70000,-6.70000,,,,0.17800,0.02100,-0.02100,,,
HD 118203,b,88.57,6.00,109.344272,62.261510,0.070000,,,677.00000,0.00000,0.00000,,,,2.13000,,,,,
HD 11964,b,33.98,1.02,168.577683,-67.090456,3.160000,0.190000,-0.190000,198.00000,18.00000,-18.00000,,,,0.62200,0.05600,-0.05600,,,
HD 11964,c,33.98,1.02,168.577683,-67.090456,0.229000,0.013000,-0.013000,25.00000,3.10000,-3.10000,,,,0.07880,0.00970,-0.00970,,,
HD 11977,b,66.49,2.02,293.925449,-48.355358,1.930000,,,2080.00000,0.00000,0.00000,,,,6.54000,,,,,
HD 121504,b,44.37,1.72,312.085268,5.657071,0.330000,,,388.00000,0.00000,0.00000,,,,1.22000,,,,,
HD 122430,b,133.16,11.80,321.704543,32.842789,1.020000,,,1180.00000,0.00000,0.00000,,,,3.71000,,,,,
HD 125595,b,27.45,0.88,320.911149,19.316652,0.080900,0.001400,-0.001400,13.12580,1.27127,-1.27127,,,,0.04130,0.00400,-0.00400,,,
HD 125612,b,52.83,3.64,331.389895,40.395578,1.370000,,,968.00000,0.00000,0.00000,,,,3.00000,,,,,
HD 125612,c,52.83,3.64,331.389895,40.395578,0.050000,,,18.00000,0.00000,0.00000,,,,0.05800,,,,,
HD 125612,d,52.83,3.64,331.389895,40.395578,4.200000,,,2286.00000,0.00000,0.00000,,,,7.20000,,,,,
HD 126525,b,38.05,1.31,317.624816,8.175663,1.810500,,,71.19000,0.00000,0.00000,,,,0.22400,,,,,
HD 126614,b,68.35,4.98,342.012778,50.315234,2.350000,0.020000,-0.020000,120.00000,10.00000,-10.00000,,,,0.38000,0.04000,-0.04000,,,
HD 12661,b,37.16,1.11,143.063016,-34.582301,0.831000,0.048000,-0.048000,731.00000,60.00000,-60.00000,,,,2.30000,0.19000,-0.19000,,,
HD 12661,c,37.16,1.11,143.063016,-34.582301,2.900000,0.170000,-0.170000,610.00000,51.00000,-51.00000,,,,1.92000,0.16000,-0.16000,,,
HD 128311,b,16.57,0.27,2.729702,59.837362,1.086000,0.008000,-0.008000,461.00000,41.00000,-41.00000,,,,1.45000,0.13000,-0.13000,,,
HD 128311,c,16.57,0.27,2.729702,59.837362,1.745000,0.017000,-0.017000,1030.00000,32.00000,-32.00000,,,,3.24000,0.10000,-0.10000,,,
HD 129445,b,67.61,4.80,313.038172,-8.170266,2.900000,0.200000,-0.200000,508.50700,190.69000,-190.69000,,,,1.60000,0.60000,-0.60000,,,
HD 130322,b,29.76,1.28,353.214842,50.891193,0.089600,0.000600,-0.000600,331.00000,9.50000,-9.50000,,,,1.04000,0.03000,-0.03000,,,
HD 131496,b,121.36,12.90,21.811605,60.588702,2.090000,,,699.00000,0.00000,0.00000,,,,2.20000,,,,,
HD 131664,b,57.21,2.80,311.837849,-12.929855,3.170000,0.030000,-0.030000,5768.37100,111.23600,-111.23600,,,,18.15000,0.35000,-0.35000,,,
HD 13189,b,300.30,,141.567826,-27.708512,1.850000,0.350000,-0.350000,4400.00000,2000.00000,-2000.00000,,,,14.00000,6.00000,-6.00000,,,
HD 132406,b,70.97,3.68,90.149308,55.010121,1.980000,,,1782.95100,0.00000,0.00000,,,,5.61000,,,,,
HD 132563,b,98.52,16.28,74.894377,59.442534,2.620000,0.040000,-0.040000,473.54700,28.60350,-28.60350,,,,1.49000,0.09000,-0.09000,,,
HD 134060,b,24.15,0.44,318.807005,-2.921059,0.044400,,,11.16000,0.00000,0.00000,,,,0.03510,,,,,
HD 134060,c,24.15,0.44,318.807005,-2.921059,2.226300,,,47.89500,0.00000,0.00000,,,,0.15070,,,,,
HD 134606,b,26.91,0.51,314.434672,-10.930882,0.102300,,,9.28000,0.00000,0.00000,,,,0.02920,,,,,
HD 134606,c,26.91,0.51,314.434672,-10.930882,0.296200,,,12.14000,0.00000,0.00000,,,,0.03820,,,,,
HD 134606,d,26.91,0.51,314.434672,-10.930882,1.156700,,,38.46000,0.00000,0.00000,,,,0.12100,,,,,
HD 134987,b,25.65,0.63,339.186087,27.386414,0.810000,0.020000,-0.020000,505.00000,6.00000,-6.00000,,,,1.59000,0.02000,-0.02000,,,
HD 134987,c,25.65,0.63,339.186087,27.386414,5.800000,0.500000,-0.500000,260.00000,10.00000,-10.00000,,,,0.82000,0.03000,-0.03000,,,
HD 136352,b,14.56,0.17,327.077219,7.378274,0.093300,,,5.27600,0.00000,0.00000,,,,0.01660,,,,,
HD 136352,c,14.56,0.17,327.077219,7.378274,0.166500,,,11.38000,0.00000,0.00000,,,,0.03580,,,,,
HD 136352,d,14.56,0.17,327.077219,7.378274,0.411000,,,9.50000,0.00000,0.00000,,,,0.03000,,,,,
HD 136418,b,106.38,7.57,68.487010,56.567369,1.320000,0.030000,-0.030000,635.63300,31.78170,-31.78170,,,,2.00000,0.10000,-0.10000,,,
HD 137388,b,38.45,2.59,309.743435,-19.582249,0.890000,0.020000,-0.020000,70.87310,9.21668,-9.21668,,,,0.22300,0.02900,-0.02900,,,
HD 13808,b,28.60,0.63,279.093809,-59.460400,0.101700,,,10.33000,0.00000,0.00000,,,,0.03250,,,,,
HD 13808,c,28.60,0.63,279.093809,-59.460400,0.247600,,,11.40000,0.00000,0.00000,,,,0.03600,,,,,
HD 13931,b,45.52,1.91,138.831694,-16.447877,5.150000,0.290000,-0.290000,597.00000,48.00000,-48.00000,,,,1.88000,0.15000,-0.15000,,,
HD 139357,b,121.36,7.46,86.159535,49.847437,2.360000,0.200000,-0.200000,3101.89000,683.30600,-683.30600,,,,9.76000,2.15000,-2.15000,,,
HD 141937,b,33.46,1.17,351.888654,26.781275,1.520000,,,3080.00000,0.00000,0.00000,,,,9.70000,,,,,
HD 142022 A,b,35.87,0.85,307.720278,-23.317230,3.030000,0.050000,-0.050000,1600.00000,830.00000,-480.00000,,,,5.10000,2.60000,-1.50000,,,
HD 142245,b,106.38,9.67,26.943759,46.383524,2.770000,,,604.00000,0.00000,0.00000,,,,1.90000,,,,,
HD 142415,b,34.57,0.98,324.177899,-5.253831,1.050000,,,515.00000,0.00000,0.00000,,,,1.62000,,,,,
HD 142,b,25.64,0.41,321.587087,-66.386565,1.045000,0.061000,-0.061000,416.00000,57.00000,-57.00000,,,,1.31000,0.18000,-0.18000,,,
HD 143361,b,59.35,4.19,334.969392,6.274062,2.000000,,,991.58800,457.65600,-457.65600,,,,3.12000,1.44000,-1.44000,,,
HD 145377,b,55.19,3.16,348.638427,17.538805,0.450000,0.004000,-0.004000,1830.62400,31.78200,-31.78200,,,,5.76000,0.10000,-0.10000,,,
HD 145457,b,126.10,10.63,44.301478,46.030237,0.760000,,,921.66800,0.00000,0.00000,,,,2.90000,,,,,
HD 1461,b,23.44,0.46,99.302569,-69.408826,0.063438,0.000018,-0.000018,7.60000,1.20000,-1.20000,,,,0.02400,0.00380,-0.00380,,,
HD 1461,c,23.44,0.46,99.302569,-69.408826,0.111700,,,5.91100,0.00000,0.00000,,,,0.01860,,,,,
HD 147018,b,42.68,1.66,325.411862,-8.440474,0.238800,0.003900,-0.003900,674.00000,20.00000,-20.00000,,,,2.12000,0.07000,-0.07000,,,
HD 147018,c,42.68,1.66,325.411862,-8.440474,1.922000,0.039000,-0.039000,2080.00000,100.00000,-100.00000,,,,6.56000,0.32000,-0.32000,,,
HD 147513,b,12.87,0.14,341.620812,7.212732,1.320000,,,385.00000,0.00000,0.00000,,,,1.21000,,,,,
HD 148156,b,53.05,2.75,337.022602,1.701676,2.450000,0.040000,-0.050000,270.14400,212.93700,-15.89080,,,,0.85000,0.67000,-0.05000,,,
HD 148427,b,59.28,3.19,2.417369,23.581615,0.930000,0.010000,-0.010000,310.00000,30.00000,-30.00000,,,,0.96000,0.10000,-0.10000,,,
HD 149026,b,78.86,4.62,61.296758,43.283307,0.042880,0.000500,-0.000330,116.95700,4.13200,-4.44900,9.113,0.303,-0.280,0.36800,0.01300,-0.01400,0.813,0.027,-0.025
HD 149143,b,63.49,4.04,17.516745,31.481715,0.053000,,,423.00000,0.00000,0.00000,,,,1.33000,,,,,
HD 149382,b,76.51,6.87,11.816054,27.897819,,,,4930.00000,2400.00000,-2400.00000,,,,15.50000,7.50000,-7.50000,,,
HD 1502,b,167.50,25.26,111.216101,-48.084195,1.310000,,,985.00000,0.00000,0.00000,,,,3.10000,,,,,
HD 150433,b,29.55,0.81,13.946174,27.119711,1.930300,,,53.39000,0.00000,0.00000,,,,0.16800,,,,,
HD 152079,b,85.18,9.19,339.892243,-1.568839,3.200000,2.100000,-2.100000,953.45000,635.63300,-635.63300,,,,3.00000,2.00000,-2.00000,,,
HD 152581,b,182.82,31.76,30.611579,31.490882,1.480000,,,477.00000,0.00000,0.00000,,,,1.50000,,,,,
HD 153950,b,51.87,3.18,343.476552,-1.231061,1.280000,0.010000,-0.010000,867.63900,15.89100,-15.89100,,,,2.73000,0.05000,-0.05000,,,
HD 154088,b,18.08,0.29,355.237225,7.673570,0.131600,,,6.13400,0.00000,0.00000,,,,0.01930,,,,,
HD 154345,b,18.06,0.18,73.022221,37.663548,4.190000,0.260000,-0.260000,300.97200,28.60300,-28.60300,,,,0.94700,0.09000,-0.09000,,,
HD 154672,b,65.79,4.48,333.385298,-9.759043,0.600000,,,1600.00000,54.00000,-54.00000,,,,5.02000,0.17000,-0.17000,,,
HD 154857,b,68.54,4.02,333.288207,-10.025285,1.200000,0.200000,-0.200000,570.00000,100.00000,-100.00000,,,,1.80000,0.40000,-0.40000,,,
HD 155358,b,43.40,1.26,56.283883,34.774314,0.640000,0.010000,-0.010000,270.00000,16.00000,-16.00000,,,,0.85000,0.05000,-0.05000,,,
HD 155358,c,43.40,1.26,56.283883,34.774314,1.020000,0.020000,-0.020000,261.00000,22.00000,-22.00000,,,,0.82000,0.07000,-0.07000,,,
HD 156279,b,35.37,0.76,93.085409,35.081848,0.495000,0.017000,-0.017000,3086.00000,210.00000,-210.00000,,,,9.71000,0.66000,-0.66000,,,
HD 156411,b,55.10,2.41,340.791106,-6.463043,,,,238.36246,0.00000,0.00000,,,,0.75000,,,,,
HD 156668,b,24.05,0.59,51.968206,32.114439,0.050000,0.000700,-0.000700,4.15000,0.58000,-0.58000,,,,0.01300,0.00200,-0.00200,,,
HD 156846,b,49.00,2.13,5.034468,9.982396,1.096000,0.021000,-0.021000,3359.32000,92.16680,-92.16680,,,,10.57000,0.29000,-0.29000,,,
HD 157172,b,33.48,1.29,5.059542,9.432559,0.416000,,,38.10000,0.00000,0.00000,,,,0.12000,,,,,
HD 158038,b,114.15,10.20,50.396886,29.866332,1.520000,,,572.00000,0.00000,0.00000,,,,1.80000,,,,,
HD 159868,b,52.72,2.82,347.174666,-6.313158,2.000000,0.300000,-0.300000,540.28800,95.34500,-95.34500,,,,1.70000,0.30000,-0.30000,,,
HD 160691,b,15.28,0.18,340.060663,-11.498059,1.497000,,,532.66100,,,,,,1.67600,,,,,
HD 160691,c,15.28,0.18,340.060663,-11.498059,5.235000,,,576.51900,0.00000,0.00000,,,,1.81400,,,,,
HD 160691,d,15.28,0.18,340.060663,-11.498059,0.090940,,,10.55470,,,,,,0.03321,,,,,
HD 160691,e,15.28,0.18,340.060663,-11.498059,0.921000,,,165.86800,,,,,,0.52190,,,,,
HD 16141,b,35.91,1.71,173.939962,-55.778530,0.363000,0.021000,-0.021000,82.60000,8.90000,-8.90000,,,,0.26000,0.02800,-0.02800,,,
HD 16175,b,59.84,3.28,143.083970,-16.639863,2.100000,0.080000,-0.080000,1398.00000,25.00000,-25.00000,,,,4.40000,0.34000,-0.34000,,,
HD 162020,b,31.26,1.38,350.738993,-6.726065,0.074000,,,4580.00000,0.00000,0.00000,,,,14.40000,,,,,
HD 163607,b,69.44,2.95,84.613797,30.172995,0.360000,,,245.00000,0.00000,0.00000,,,,0.77000,,,,,
HD 163607,c,69.44,2.95,84.613797,30.172995,2.420000,,,727.80000,0.00000,0.00000,,,,2.29000,,,,,
HD 16417,b,25.54,0.41,237.693025,-66.237788,0.140000,0.010000,-0.010000,22.10000,2.00000,-2.00000,,,,0.06960,0.00630,-0.00630,,,
HD 164509,b,51.81,2.72,27.263636,11.136603,0.875000,,,153.00000,0.00000,0.00000,,,,0.48000,,,,,
HD 164604,b,37.98,2.48,2.263568,-3.118567,1.300000,0.050000,-0.050000,858.10500,413.16200,-413.16200,,,,2.70000,1.30000,-1.30000,,,
HD 164922,b,21.92,0.34,52.297843,21.785742,2.110000,0.130000,-0.130000,114.41400,14.62000,-14.62000,,,,0.36000,0.04600,-0.04600,,,
HIP 89354,b,42.99,2.54,350.821970,-11.648128,,,,1310.00000,,,,,,4.12187,,,,,
HD 167042,b,50.00,1.24,82.547690,27.547296,1.300000,,,540.00000,0.00000,0.00000,,,,1.70000,,,,,
HD 16760,b,50.18,6.20,145.591012,-19.323913,1.130000,0.030000,-0.030000,4544.77754,286.03495,-286.03495,,,,14.30000,0.90000,-0.90000,,,
HD 168443,b,37.88,1.18,20.814733,2.506944,0.300000,0.017000,-0.017000,2548.88922,206.58080,-206.58080,,,,8.02000,0.65000,-0.65000,,,
HD 168443,c,37.88,1.18,20.814733,2.506944,2.910000,0.170000,-0.170000,5752.48100,476.72500,-476.72500,,,,18.10000,1.50000,-1.50000,,,
HD 168746,b,43.12,1.71,18.963816,1.030458,0.065000,,,73.09782,0.00000,0.00000,,,,0.23000,,,,,
HD 1690,b,7.01,,100.754001,-69.841172,1.300000,0.020000,-0.020000,1938.68000,286.03500,-286.03500,,,,6.10000,0.90000,-0.90000,,,
HD 169830,b,36.32,1.16,3.686706,-8.471045,0.810000,,,915.31184,0.00000,0.00000,,,,2.88000,,,,,
HD 169830,c,36.32,1.16,3.686706,-8.471045,3.600000,,,1283.97911,0.00000,0.00000,,,,4.04000,,,,,
HD 170469,b,64.98,4.37,40.940178,10.190968,2.100000,,,212.93700,0.00000,0.00000,,,,0.67000,,,,,
HD 17092,b,,,141.303151,-9.074674,1.290000,0.050000,-0.050000,1461.95641,95.34498,-95.34498,,,,4.60000,0.30000,-0.30000,,,
HD 171028,b,,,36.967568,7.411306,1.290000,,,581.60400,0.00000,0.00000,,,,1.83000,,,,,
HD 171238,b,44.05,2.33,5.945468,-9.054434,2.540000,0.060000,-0.060000,826.32319,47.67249,-47.67249,,,,2.60000,0.15000,-0.15000,,,
HD 17156,b,78.25,5.15,131.989844,10.993765,0.161400,0.002200,-0.002200,1014.15000,10.48800,-10.48800,12.184,0.074,-0.074,3.19100,0.03300,-0.03300,1.087,0.007,-0.007
HD 173416,b,134.95,9.01,65.742045,17.219425,1.160000,0.060000,-0.060000,858.10485,95.34498,-95.34498,,,,2.70000,0.30000,-0.30000,,,
HD 175167,b,67.02,3.85,325.362763,-26.087942,2.400000,0.050000,-0.050000,2478.97000,1112.36000,-1112.36000,,,,7.80000,3.50000,-3.50000,,,
HD 175541,b,127.55,16.07,37.211461,1.001771,1.030000,,,193.86813,0.00000,0.00000,,,,0.61000,,,,,
HD 176051,b,14.98,0.12,63.348231,13.265764,,,,476.72500,95.34500,-95.34500,,,,1.50000,0.30000,-0.30000,,,
HD 177830,b,59.03,2.54,57.684200,8.671962,1.221800,0.000800,-0.000800,473.54700,9.53450,-9.53450,,,,1.49000,0.03000,-0.03000,,,
HD 177830,c,59.03,2.54,57.684200,8.671962,0.513700,0.000300,-0.000300,47.67250,6.35633,-6.35633,,,,0.15000,0.02000,-0.02000,,,
HD 178911 B,b,46.73,8.78,65.991560,11.693783,0.320000,,,1999.70200,18.75100,-18.75100,,,,6.29200,0.05900,-0.05900,,,
HD 179079,b,63.69,3.60,32.827590,-5.590300,0.110000,,,25.42533,0.00000,0.00000,,,,0.08000,,,,,
HD 179949,b,27.05,0.57,13.455506,-15.785866,0.045000,0.001000,-0.001000,301.92578,12.71266,-12.71266,,,,0.95000,0.04000,-0.04000,,,
HIP 94576,b,131.75,10.25,64.010376,9.418934,1.400000,,,6991.97000,,,,,,22.00000,,,,,
HD 180902,b,114.55,11.77,14.398802,-16.329700,1.390000,0.040000,-0.040000,508.50700,63.56330,-63.56330,,,,1.60000,0.20000,-0.20000,,,
HD 181342,b,115.47,11.09,14.505024,-16.728267,1.780000,0.070000,-0.070000,1048.79000,63.56330,-63.56330,,,,3.30000,0.20000,-0.20000,,,
HD 181433,b,26.15,0.76,329.513763,-28.044572,0.080000,,,7.56404,0.00000,0.00000,,,,0.02380,,,,,
HD 181433,c,26.15,0.76,329.513763,-28.044572,1.760000,,,203.40263,0.00000,0.00000,,,,0.64000,,,,,
HD 181433,d,26.15,0.76,329.513763,-28.044572,3.000000,,,171.62100,0.00000,0.00000,,,,0.54000,,,,,
HD 181720,b,55.93,3.82,5.516710,-20.486595,,,,117.59215,0.00000,0.00000,,,,0.37000,,,,,
HD 183263,b,52.83,2.80,44.609354,-4.309800,1.520000,,,1172.74329,0.00000,0.00000,,,,3.69000,,,,,
HD 183263,c,52.83,2.80,44.609354,-4.309800,4.250000,0.470000,-0.470000,1214.05900,187.51200,-187.51200,,,,3.82000,0.59000,-0.59000,,,
HD 185269,b,47.37,1.60,63.271653,3.580696,0.077000,,,298.74761,0.00000,0.00000,,,,0.94000,,,,,
HD 187085,b,44.98,2.19,2.201901,-27.119872,2.050000,,,238.36246,0.00000,0.00000,,,,0.75000,,,,,
HD 187123,b,47.92,1.58,69.465917,4.680152,0.042000,,,165.26464,0.00000,0.00000,,,,0.52000,,,,,
HD 187123,c,47.92,1.58,69.465917,4.680152,4.890000,0.530000,-0.530000,632.45500,79.45400,-79.45400,,,,1.99000,0.25000,-0.25000,,,
HD 18742,b,127.88,15.27,207.804780,-60.004592,1.920000,,,858.00000,0.00000,0.00000,,,,2.70000,,,,,
HD 188015,b,52.63,2.51,64.560437,0.542882,1.190000,,,400.44893,0.00000,0.00000,,,,1.26000,,,,,
HD 189567,b,17.72,0.23,328.465623,-31.989457,0.109900,,,10.04000,0.00000,0.00000,,,,0.03160,,,,,
HD 189733,b,19.25,0.32,60.963018,-3.922181,0.031420,0.000520,-0.000520,365.48900,12.39500,-12.39500,12.902,0.426,-0.426,1.15000,0.03900,-0.03900,1.151,0.038,-0.038
HD 190228,b,62.11,2.97,65.993440,-1.405387,2.310000,,,1585.90489,0.00000,0.00000,,,,4.99000,,,,,
HD 190360,b,15.89,0.16,67.410863,-0.672376,3.920000,0.200000,-0.200000,477.36055,41.31616,-41.31616,,,,1.50200,0.13000,-0.13000,,,
HD 190360,c,15.89,0.16,67.410863,-0.672376,0.128000,0.002000,-0.002000,18.11555,4.76725,-4.76725,,,,0.05700,0.01500,-0.01500,,,
HD 190647,b,54.23,3.05,5.661425,-30.032368,2.070000,0.060000,-0.060000,603.85200,19.06900,-19.06900,,,,1.90000,0.06000,-0.06000,,,
HD 190984,b,189.39,36.26,331.579027,-32.857952,,,,985.23149,0.00000,0.00000,,,,3.10000,,,,,
HD 192263,b,19.89,0.44,41.874902,-18.697767,0.150000,,,228.82800,0.00000,0.00000,,,,0.72000,,,,,
HD 192310,b,8.82,0.07,15.624477,-29.397370,0.320000,0.005000,-0.005000,16.90000,0.90000,-0.90000,,,,0.05318,0.00283,-0.00283,,,
HD 192310,c,8.82,0.07,15.624477,-29.397370,1.180000,0.025000,-0.025000,24.00000,5.00000,-5.00000,,,,0.07552,0.01573,-0.01573,,,
HD 192699,b,67.39,3.89,47.130525,-16.492966,1.160000,,,794.54153,0.00000,0.00000,,,,2.50000,,,,,
HD 195019,b,37.35,1.20,61.155942,-11.475542,0.138800,0.008000,-0.008000,1175.92100,95.34500,-95.34500,,,,3.70000,0.30000,-0.30000,,,
HD 196050,b,46.93,1.92,335.918930,-36.359517,2.500000,,,953.44983,0.00000,0.00000,,,,3.00000,,,,,
HIP 102125,b,43.57,3.65,318.444099,-33.048452,,,,2257.00000,,,,,,7.10158,,,,,
HD 196885,b,32.99,0.86,56.309425,-17.985355,2.370000,0.020000,-0.020000,819.96700,50.85100,-50.85100,,,,2.58000,0.16000,-0.16000,,,
HD 197037,b,32.83,0.63,81.677148,0.412927,2.070000,0.050000,-0.050000,251.00000,16.00000,-16.00000,,,,0.79000,0.05000,-0.05000,,,
HD 19994,b,22.38,0.37,181.504140,-47.341631,1.420000,,,533.93191,0.00000,0.00000,,,,1.68000,,,,,
HD 20003,b,43.08,1.37,289.876781,-41.176327,0.097400,,,12.01000,0.00000,0.00000,,,,0.03780,,,,,
HD 20003,c,43.08,1.37,289.876781,-41.176327,0.196100,,,13.41000,0.00000,0.00000,,,,0.04220,,,,,
HD 200964,b,68.35,4.50,53.564734,-27.635478,1.710000,0.040000,-0.040000,603.85200,63.56330,-63.56330,,,,1.90000,0.20000,-0.20000,,,
HD 200964,c,68.35,4.50,53.564734,-27.635478,2.030000,0.060000,-0.060000,413.16200,63.56330,-63.56330,,,,1.30000,0.20000,-0.20000,,,
HD 202206,b,46.34,2.33,27.950002,-40.504518,0.830000,,,5530.00903,0.00000,0.00000,,,,17.40000,,,,,
HD 202206,c,46.34,2.33,27.950002,-40.504518,2.550000,,,775.47253,0.00000,0.00000,,,,2.44000,,,,,
HD 20367,b,27.13,0.77,156.320123,-22.101493,1.250000,,,340.06377,0.00000,0.00000,,,,1.07000,,,,,
HD 2039,b,89.85,8.28,310.403585,-60.083260,2.200000,0.200000,-0.200000,1557.30139,317.81661,-317.81661,,,,4.90000,1.00000,-1.00000,,,
HD 204313,b,47.30,2.26,28.027798,-43.728032,3.082000,0.055000,-0.055000,1287.15727,54.02882,-54.02882,,,,4.05000,0.17000,-0.17000,,,
HD 204313,c,47.30,2.26,28.027798,-43.728032,0.210300,,,17.20000,0.00000,0.00000,,,,0.05400,,,,,
HD 204941,b,26.95,0.88,29.459195,-44.424347,2.560000,0.080000,-0.080000,84.53920,10.17010,-10.17010,,,,0.26600,0.03200,-0.03200,,,
HD 205739,b,90.33,8.30,14.613677,-47.999168,0.896000,0.019000,-0.015000,435.40876,22.24716,-28.60349,,,,1.37000,0.07000,-0.09000,,,
HD 206610,b,170.07,27.01,47.876544,-41.348121,1.680000,0.050000,-0.050000,699.19700,31.78170,-31.78170,,,,2.20000,0.10000,-0.10000,,,
HD 20781,b,35.89,1.52,224.672577,-57.273304,0.169000,,,12.05000,0.00000,0.00000,,,,0.03790,,,,,
HD 20781,c,35.89,1.52,224.672577,-57.273304,0.345600,,,15.76000,0.00000,0.00000,,,,0.04960,,,,,
HD 20782,b,36.02,1.11,224.802219,-57.278479,1.381000,0.005000,-0.005000,603.85156,158.90831,-158.90831,,,,1.90000,0.50000,-0.50000,,,
HD 207832,b,55.31,3.42,24.003585,-50.214851,0.570000,0.002000,-0.002000,177.97700,19.06900,-9.53500,,,,0.56000,0.06000,-0.03000,,,
HD 207832,c,55.31,3.42,24.003585,-50.214851,2.112000,0.087000,-0.045000,232.00600,57.20700,-15.89100,,,,0.73000,0.18000,-0.05000,,,
HD 20794,b,6.06,0.02,250.746259,-56.076800,0.120700,0.002000,-0.002000,2.70000,0.30000,-0.30000,,,,0.00850,0.00094,-0.00094,,,
HD 20794,c,6.06,0.02,250.746259,-56.076800,0.203600,0.003400,-0.003400,2.40000,0.40000,-0.40000,,,,0.00755,0.00126,-0.00126,,,
HD 20794,d,6.06,0.02,250.746259,-56.076800,0.349900,0.005900,-0.005900,4.80000,0.60000,-0.60000,,,,0.01510,0.00189,-0.00189,,,
HD 208487,b,43.99,1.87,5.411060,-52.127118,0.490000,0.040000,-0.040000,143.01747,15.89083,-15.89083,,,,0.45000,0.05000,-0.05000,,,
HD 20868,b,44.50,2.68,233.839264,-57.334925,0.947000,0.012000,-0.012000,632.45506,15.89083,-15.89083,,,,1.99000,0.05000,-0.05000,,,
HD 209458,b,47.08,2.12,76.753292,-28.526856,0.047470,0.000550,-0.000550,226.92100,5.40300,-5.40300,15.468,0.191,-0.191,0.71400,0.01700,-0.01700,1.380,0.017,-0.017
HD 210277,b,21.29,0.35,52.350323,-46.965096,1.100000,0.020000,-0.020000,390.91443,9.53450,-9.53450,,,,1.23000,0.03000,-0.03000,,,
HD 210702,b,55.93,2.22,76.293469,-32.021007,1.200000,,,603.85200,,,,,,1.90000,,,,,
HD 212301,b,52.72,1.95,311.909022,-36.780364,0.036000,,,143.01700,0.00000,0.00000,,,,0.45000,,,,,
HD 212771,b,121.80,13.93,41.794446,-55.291110,1.220000,0.030000,-0.030000,730.97800,127.12700,-127.12700,,,,2.30000,0.40000,-0.40000,,,
HD 213240,b,40.75,1.30,343.719946,-55.072452,2.030000,,,1430.17475,0.00000,0.00000,,,,4.50000,,,,,
HD 215152,b,21.52,0.59,61.338158,-53.198176,0.065200,,,2.77000,0.00000,0.00000,,,,0.00870,,,,,
HD 215152,c,21.52,0.59,61.338158,-53.198176,0.085200,,,3.08000,0.00000,0.00000,,,,0.00970,,,,,
HD 215456,b,38.64,1.14,342.305510,-57.458697,0.652000,,,32.10000,0.00000,0.00000,,,,0.10100,,,,,
HD 215456,c,38.64,1.14,342.305510,-57.458697,3.394000,,,78.18000,0.00000,0.00000,,,,0.24600,,,,,
HD 215497,b,43.53,2.25,331.295333,-53.102659,,,,5.40288,0.00000,0.00000,,,,0.01700,,,,,
HD 215497,c,43.53,2.25,331.295333,-53.102659,,,,104.87948,0.00000,0.00000,,,,0.33000,,,,,
HD 216435,b,33.29,0.79,341.693410,-58.709838,2.560000,0.170000,-0.170000,400.44893,41.31616,-41.31616,,,,1.26000,0.13000,-0.13000,,,
HD 216437,b,26.52,0.40,316.272217,-43.905396,2.700000,,,667.41488,0.00000,0.00000,,,,2.10000,,,,,
HD 216770,b,37.89,1.46,27.308602,-64.291081,0.460000,,,206.58100,0.00000,0.00000,,,,0.65000,,,,,
HD 21693,b,32.31,0.73,272.909794,-48.724670,0.148400,,,10.23000,0.00000,0.00000,,,,0.03220,,,,,
HD 21693,c,32.31,0.73,272.909794,-48.724670,0.264400,,,20.56900,0.00000,0.00000,,,,0.06472,,,,,
HD 217107,b,19.72,0.29,70.474077,-53.324016,0.073000,0.001000,-0.001000,422.69609,15.89083,-15.89083,,,,1.33000,0.05000,-0.05000,,,
HD 217107,c,19.72,0.29,70.474077,-53.324016,5.270000,0.360000,-0.360000,791.36336,79.45415,-79.45415,,,,2.49000,0.25000,-0.25000,,,
HD 217786,b,54.92,2.78,74.194184,-52.735612,2.380000,0.040000,-0.040000,4131.62000,254.25300,-254.25300,,,,13.00000,0.80000,-0.80000,,,
HD 218566,b,29.94,1.03,74.013661,-55.106682,0.687300,0.000800,-0.000800,66.74150,6.35633,-6.35633,,,,0.21000,0.02000,-0.02000,,,
HD 219415,b,,,109.942272,-3.686771,3.200000,,,317.81700,,,,,,1.00000,,,,,
HD 219449,b,45.52,1.77,67.071988,-61.112023,0.300000,,,921.66817,0.00000,0.00000,,,,2.90000,,,,,
HD 219828,b,81.10,6.14,94.265779,-39.013487,0.052000,,,20.97590,0.00000,0.00000,,,,0.06600,,,,,
HIP 115662,b,45.23,1.81,46.760446,-69.419219,,,,377.00000,,,,,,1.18622,,,,,
HD 220773,b,48.43,2.32,90.039729,-48.724868,4.940000,0.200000,-0.200000,460.80000,95.00000,-95.00000,,,,1.45000,0.30000,-0.30000,,,
HD 221287,b,52.88,2.20,321.703012,-55.902883,1.250000,0.040000,-0.040000,982.05300,251.07500,-251.07500,,,,3.09000,0.79000,-0.79000,,,
HD 222582,b,41.95,1.87,81.758521,-63.151888,1.350000,0.080000,-0.080000,2463.07874,206.58080,-206.58080,,,,7.75000,0.65000,-0.65000,,,
HD 224693,b,94.07,9.33,52.018930,-77.401250,0.233000,,,225.64979,0.00000,0.00000,,,,0.71000,,,,,
HD 22781,b,31.79,1.33,160.071964,-18.567090,1.167000,0.039000,-0.039000,4338.20000,308.00000,-308.00000,,,,13.65000,0.97000,-0.97000,,,
HD 23079,b,34.60,0.66,264.319295,-49.652393,1.650000,,,829.50135,0.00000,0.00000,,,,2.61000,,,,,
HD 23127,b,89.13,5.65,273.942917,-46.483414,2.400000,0.300000,-0.300000,476.72500,63.56300,-63.56300,,,,1.50000,0.20000,-0.20000,,,
HD 231701,b,108.46,11.94,52.175020,-1.214977,0.530000,,,317.81700,0.00000,0.00000,,,,1.08000,,,,,
HD 23596,b,51.97,2.20,155.551708,-10.900346,2.720000,,,2285.10143,0.00000,0.00000,,,,7.19000,,,,,
HD 240210,b,,,109.493786,-3.184851,1.330000,,,2192.93500,0.00000,0.00000,,,,6.90000,,,,,
HD 240237,b,307.69,,110.521002,-2.502874,1.900000,,,1680.00000,0.00000,0.00000,,,,5.30000,,,,,
HD 25171,b,56.05,1.82,278.805606,-42.290052,3.020000,0.160000,-0.160000,301.92600,31.78170,-31.78170,,,,0.95000,0.10000,-0.10000,,,
HD 2638,b,53.71,3.63,108.544445,-68.034840,0.044000,,,152.55197,0.00000,0.00000,,,,0.48000,,,,,
HD 27442,b,18.24,0.17,270.204259,-42.563141,1.180000,,,406.80526,0.00000,0.00000,,,,1.28000,,,,,
HIP 20199,b,44.54,1.50,246.323831,-45.364829,,,,540.30000,,,,,,1.70004,,,,,
HD 27894,b,42.37,1.57,270.101716,-42.009689,0.122000,,,197.04630,0.00000,0.00000,,,,0.62000,,,,,
HD 28185,b,39.56,1.62,205.593395,-36.930958,1.030000,,,1811.55500,0.00000,0.00000,,,,5.70000,,,,,
HD 28254,b,56.18,1.95,258.281637,-43.590241,,,,368.66727,0.00000,0.00000,,,,1.16000,,,,,
HD 285968,b,9.42,0.22,180.015407,-17.426435,0.066000,,,8.42214,0.00000,0.00000,,,,0.02650,,,,,
HD 28678,b,168.92,30.03,190.821451,-28.197912,1.240000,,,540.00000,0.00000,0.00000,,,,1.70000,,,,,
HD 290327,b,54.92,4.02,204.612647,-20.581228,,,,807.25419,0.00000,0.00000,,,,2.54000,,,,,
HD 30177,b,54.71,2.21,267.369772,-39.734031,3.860000,0.900000,-0.900000,2914.37832,476.72492,-476.72492,,,,9.17000,1.50000,-1.50000,,,
HD 30562,b,26.50,0.61,203.396346,-29.824001,2.300000,0.020000,-0.020000,409.98343,25.42533,-25.42533,,,,1.29000,0.08000,-0.08000,,,
HD 30856,b,121.07,11.78,224.272147,-36.653814,2.000000,,,572.00000,0.00000,0.00000,,,,1.80000,,,,,
HD 31253,b,53.82,3.06,187.392137,-19.044108,1.260000,0.006000,-0.006000,158.90800,22.24720,-22.24720,,,,0.50000,0.07000,-0.07000,,,
HD 31527,b,38.01,1.15,223.389266,-35.153283,0.125300,,,11.54000,0.00000,0.00000,,,,0.03630,,,,,
HD 31527,c,38.01,1.15,223.389266,-35.153283,0.266500,,,15.83000,0.00000,0.00000,,,,0.04980,,,,,
HD 31527,d,38.01,1.15,223.389266,-35.153283,0.818100,,,16.49000,0.00000,0.00000,,,,0.05190,,,,,
HD 32518,b,117.37,9.84,142.122763,17.121583,0.590000,0.030000,-0.030000,966.16250,219.29346,-219.29346,,,,3.04000,0.69000,-0.69000,,,
HD 330075,b,50.20,3.49,329.806725,3.376207,0.043000,,,241.54062,0.00000,0.00000,,,,0.76000,,,,,
HD 33142,b,136.80,15.73,214.337621,-29.226453,1.060000,,,413.00000,0.00000,0.00000,,,,1.30000,,,,,
HD 33283,b,86.88,6.30,228.496876,-33.505333,0.168000,,,104.87948,0.00000,0.00000,,,,0.33000,,,,,
HD 33564,b,20.98,0.23,133.734459,22.648095,1.100000,,,2892.13116,0.00000,0.00000,,,,9.10000,,,,,
HD 34445,b,45.01,2.03,195.038274,-17.021819,2.070000,0.020000,-0.020000,250.00000,20.00000,-20.00000,,,,0.79000,0.07000,-0.07000,,,
HD 3651,b,11.11,0.09,119.172655,-41.533090,0.295000,0.003000,-0.003000,72.80000,2.50000,-2.50000,,,,0.22900,0.00800,-0.00800,,,
HD 37124,b,33.24,1.22,185.962494,-5.973532,0.530000,,,193.86800,0.00000,0.00000,,,,0.61000,,,,,
HD 37124,c,33.24,1.22,185.962494,-5.973532,3.190000,0.180000,-0.180000,217.06875,27.96786,-27.96786,,,,0.68300,0.08800,-0.08800,,,
HD 37124,d,33.24,1.22,185.962494,-5.973532,1.640000,0.100000,-0.100000,198.31757,20.02245,-20.02245,,,,0.62400,0.06300,-0.06300,,,
HD 37605,b,42.88,2.28,199.104470,-12.895244,0.250000,,,730.97821,0.00000,0.00000,,,,2.30000,,,,,
HIP 26380,b,37.78,0.78,284.821794,-31.153490,1.020000,0.070000,-0.070000,108.05800,6.35633,-6.35633,,,,0.34000,0.02000,-0.02000,,,
HD 38529,b,42.43,1.59,204.317354,-13.836886,0.129000,,,247.89696,0.00000,0.00000,,,,0.78000,,,,,
HD 38529,c,42.43,1.59,204.317354,-13.836886,3.680000,,,4036.27096,0.00000,0.00000,,,,12.70000,,,,,
HD 38801,b,99.40,14.66,213.267761,-17.863035,1.700000,0.037000,-0.037000,3400.64000,158.90800,-158.90800,,,,10.70000,0.50000,-0.50000,,,
HD 38858,b,15.56,0.28,209.378147,-15.841782,1.037600,,,30.54000,0.00000,0.00000,,,,0.09610,,,,,
HD 39091,b,18.21,0.15,292.513482,-29.776203,3.290000,,,3289.40192,0.00000,0.00000,,,,10.35000,,,,,
HD 39194,b,25.59,0.48,280.615564,-31.055885,0.051900,,,3.71800,0.00000,0.00000,,,,0.01170,,,,,
HD 39194,c,25.59,0.48,280.615564,-31.055885,0.095400,,,5.94300,0.00000,0.00000,,,,0.01870,,,,,
HD 39194,d,25.59,0.48,280.615564,-31.055885,0.172000,,,5.14900,0.00000,0.00000,,,,0.01620,,,,,
HD 40307,b,12.83,0.09,268.814307,-30.340297,0.047000,,,4.19518,0.00000,0.00000,,,,0.01320,,,,,
HD 40307,c,12.83,0.09,268.814307,-30.340297,0.081000,,,6.86484,0.00000,0.00000,,,,0.02160,,,,,
HD 40307,d,12.83,0.09,268.814307,-30.340297,0.134000,,,9.15300,0.00000,0.00000,,,,0.02880,,,,,
HD 40979,b,33.33,0.89,168.495027,10.871678,0.811000,,,1055.15115,0.00000,0.00000,,,,3.32000,,,,,
HD 41004 A,b,43.03,1.81,255.488574,-28.196110,1.640000,,,807.25419,235.18429,-235.18429,,,,2.54000,0.74000,-0.74000,,,
HD 41004 B,b,43.03,1.81,255.488742,-28.196126,0.017700,,,5838.29000,69.91970,-69.91970,,,,18.37000,0.22000,-0.22000,,,
HD 4113,b,44.05,1.84,311.465495,-79.008869,1.280000,,,495.79391,12.71266,-12.71266,,,,1.56000,0.04000,-0.04000,,,
HD 4203,b,77.82,7.00,120.790360,-42.394716,1.164000,0.067000,-0.067000,657.88038,57.20699,-57.20699,,,,2.07000,0.18000,-0.18000,,,
HD 4208,b,32.70,1.12,53.969069,-88.323786,1.700000,,,254.25329,0.00000,0.00000,,,,0.80000,,,,,
HD 4308,b,21.85,0.26,304.054088,-51.463851,0.118000,0.009000,-0.009000,12.87157,1.58908,-1.58908,,,,0.04050,0.00500,-0.00500,,,
HD 4313,b,131.41,14.45,120.442132,-54.998837,1.190000,0.030000,-0.030000,730.97800,63.56330,-63.56330,,,,2.30000,0.20000,-0.20000,,,
HD 43197,b,54.94,5.88,236.814792,-20.738599,,,,190.68997,0.00000,0.00000,,,,0.60000,,,,,
HD 43691,b,93.20,9.09,172.649463,11.932807,0.240000,,,791.36336,0.00000,0.00000,,,,2.49000,,,,,
HD 43848,b,37.05,1.11,247.919577,-23.514619,3.400000,,,7945.41528,0.00000,0.00000,,,,25.00000,,,,,
HD 44219,b,50.43,2.47,219.077954,-11.743341,,,,184.33363,0.00000,0.00000,,,,0.58000,,,,,
HD 45184,b,22.04,0.30,236.625464,-18.072800,0.063800,,,13.00000,0.00000,0.00000,,,,0.04000,,,,,
HD 45350,b,48.95,2.24,175.387961,12.613545,1.920000,0.067000,-0.067000,568.89173,44.49433,-44.49433,,,,1.79000,0.14000,-0.14000,,,
HD 45364,b,32.58,0.84,239.355049,-18.866953,0.681300,,,59.49527,0.00000,0.00000,,,,0.18720,,,,,
HD 45364,c,32.58,0.84,239.355049,-18.866953,0.897200,,,209.09155,0.00000,0.00000,,,,0.65790,,,,,
HD 45652,b,36.14,1.61,200.683896,0.109437,0.230000,,,149.37381,0.00000,0.00000,,,,0.47000,,,,,
HD 46375,b,33.41,1.15,205.991660,-1.545774,0.041000,,,79.13634,0.00000,0.00000,,,,0.24900,,,,,
HD 47186,b,37.84,1.21,236.502898,-15.306684,0.050000,,,22.77792,0.00000,0.00000,,,,0.07167,,,,,
HD 47186,c,37.84,1.21,236.502898,-15.306684,2.395000,,,111.42968,0.00000,0.00000,,,,0.35061,,,,,
HD 47536,b,121.36,7.72,241.181679,-16.777864,,,,1589.08306,0.00000,0.00000,,,,5.00000,,,,,
HD 47536,c,121.36,7.72,241.181679,-16.777864,,,,2224.71628,0.00000,0.00000,,,,7.00000,,,,,
HD 48265,b,87.41,5.18,257.527069,-21.780536,1.510000,,,368.66727,120.77031,-120.77031,,,,1.16000,0.38000,-0.38000,,,
HD 49674,b,40.73,1.81,175.338750,17.371504,0.058000,0.003300,-0.003300,36.54900,5.08500,-5.08500,,,,0.11500,0.01600,-0.01600,,,
HD 50499,b,47.26,1.47,243.878274,-14.625739,3.860000,0.060000,-0.060000,543.46640,6.35633,-6.35633,,,,1.71000,0.02000,-0.02000,,,
HD 50554,b,31.03,0.94,191.410151,11.469658,2.380000,,,1557.30139,0.00000,0.00000,,,,4.90000,,,,,
HD 51608,b,34.07,0.73,265.155834,-21.539054,0.105900,,,13.13000,0.00000,0.00000,,,,0.04130,,,,,
HD 51608,c,34.07,0.73,265.155834,-21.539054,0.379100,,,17.96000,0.00000,0.00000,,,,0.05650,,,,,
HD 52265,b,28.07,0.65,218.717350,-0.480917,0.490000,0.008000,-0.008000,359.13277,19.06900,-19.06900,,,,1.13000,0.06000,-0.06000,,,
HD 5319,b,100.00,9.17,124.845632,-62.068868,1.750000,,,616.56423,0.00000,0.00000,,,,1.94000,,,,,
HD 5388,b,53.28,2.59,301.097037,-69.708810,,,,622.92056,0.00000,0.00000,,,,1.96000,,,,,
HD 5608,b,58.17,2.68,124.542446,-28.899549,1.900000,,,444.94300,,,,,,1.40000,,,,,
HD 5891,b,150.60,23.21,125.832726,-42.527887,0.760000,,,2420.00000,0.00000,0.00000,,,,7.60000,,,,,
HD 59686,b,92.51,6.00,201.804004,16.441980,0.911000,,,1668.53721,0.00000,0.00000,,,,5.25000,,,,,
HD 60532,b,25.70,0.43,237.497979,-1.189628,0.770000,,,1002.65000,0.00000,0.00000,,,,3.15480,,,,,
HD 60532,c,25.70,0.43,237.497979,-1.189628,1.580000,,,2371.99000,0.00000,0.00000,,,,7.46340,,,,,
HD 62509,b,10.34,0.09,192.229328,23.406346,1.690000,0.030000,-0.030000,921.66817,31.78166,-31.78166,,,,2.90000,0.10000,-0.10000,,,
HD 63454,b,35.80,1.07,290.354290,-24.138304,0.036000,,,120.77000,0.00000,0.00000,,,,0.38000,,,,,
HD 63765,b,32.62,0.72,267.196696,-14.094317,0.940000,0.016000,-0.016000,203.40300,15.89080,-15.89080,,,,0.64000,0.05000,-0.05000,,,
HD 6434,b,40.32,1.40,291.211336,-77.337312,0.150000,,,152.55197,0.00000,0.00000,,,,0.48000,,,,,
HD 65216,b,35.59,0.85,276.274504,-17.614028,1.370000,,,384.55810,0.00000,0.00000,,,,1.21000,,,,,
HD 65216,c,35.59,0.85,276.274504,-17.614028,,,,712.00000,,,,,,2.24029,,,,,
HD 66428,b,55.04,3.52,222.426215,15.418081,3.180000,0.190000,-0.190000,896.24300,85.81050,-85.81050,,,,2.82000,0.27000,-0.27000,,,
HD 6718,b,55.01,2.76,135.281047,-70.711886,,,,524.39741,0.00000,0.00000,,,,1.65000,,,,,
HD 68988,b,58.82,3.14,155.263155,33.919123,0.071000,,,603.85156,0.00000,0.00000,,,,1.90000,,,,,
HD 69830,b,12.58,0.12,234.563448,12.823793,0.078500,,,10.48800,0.00000,0.00000,,,,0.03300,,,,,
HD 69830,c,12.58,0.12,234.563448,12.823793,0.186000,,,12.07703,0.00000,0.00000,,,,0.03800,,,,,
HD 69830,d,12.58,0.12,234.563448,12.823793,0.630000,,,18.43336,0.00000,0.00000,,,,0.05800,,,,,
HD 70573,b,,,222.065941,21.112152,1.760000,0.050000,-0.050000,1938.68133,127.12664,-127.12664,,,,6.10000,0.40000,-0.40000,,,
HD 70642,b,28.76,0.49,257.612364,-1.672688,3.300000,,,635.63322,0.00000,0.00000,,,,2.00000,,,,,
HD 7199,b,35.88,0.87,299.842421,-50.823757,1.360000,0.020000,-0.020000,92.16680,7.30978,-7.30978,,,,0.29000,0.02300,-0.02300,,,
HD 72659,b,51.36,2.58,226.753797,21.881152,4.160000,,,940.73717,0.00000,0.00000,,,,2.96000,,,,,
HD 73256,b,36.52,1.00,251.537675,6.450922,0.037000,,,594.31706,0.00000,0.00000,,,,1.87000,,,,,
HD 73267,b,53.05,2.70,255.086315,3.792466,2.198000,0.025000,-0.025000,972.51883,22.24716,-22.24716,,,,3.06000,0.07000,-0.07000,,,
HD 73526,b,94.61,8.25,260.681157,-0.185726,0.660000,0.050000,-0.050000,921.66817,63.56332,-63.56332,,,,2.90000,0.20000,-0.20000,,,
HD 73526,c,94.61,8.25,260.681157,-0.185726,1.050000,0.080000,-0.080000,794.54153,95.34498,-95.34498,,,,2.50000,0.30000,-0.30000,,,
HD 73534,b,96.99,9.43,213.052894,29.698263,3.150000,,,365.48910,0.00000,0.00000,,,,1.15000,,,,,
HD 74156,b,64.56,4.28,221.985014,26.705201,0.294000,,,597.49500,9.53400,-9.53400,,,,1.88000,0.03000,-0.03000,,,
HD 74156,c,64.56,4.28,221.985014,26.705201,3.850000,,,2552.06739,38.13799,-38.13799,,,,8.03000,0.12000,-0.12000,,,
HD 74156,d,64.56,4.28,221.985014,26.705201,1.010000,,,125.85500,6.35600,-6.35600,,,,0.39600,0.02000,-0.02000,,,
HD 7449,b,38.52,1.11,137.918787,-67.246005,2.300000,0.040000,-0.040000,352.77600,85.81050,-117.59200,,,,1.11000,0.27000,-0.37000,,,
HD 7449,c,38.52,1.11,137.918787,-67.246005,4.960000,0.200000,-0.300000,635.63300,114.41400,-171.62100,,,,2.00000,0.36000,-0.54000,,,
HD 75289,b,28.94,0.46,262.209386,1.089574,0.046000,,,133.48298,0.00000,0.00000,,,,0.42000,,,,,
HD 75898,b,80.58,6.45,190.969977,38.936477,1.190000,,,797.71969,0.00000,0.00000,,,,2.51000,,,,,
HD 76700,b,59.70,2.26,282.490790,-13.917959,0.049000,0.004000,-0.004000,62.60987,5.40288,-5.40288,,,,0.19700,0.01700,-0.01700,,,
HD 77338,b,41.27,1.92,251.362927,13.552255,0.061400,,,15.90000,4.70000,-5.30000,,,,0.05000,0.01500,-0.01700,,,
HD 7924,b,16.82,0.17,124.735699,13.945745,0.057000,,,9.21668,0.00000,0.00000,,,,0.02900,,,,,
HD 79498,b,48.64,2.21,204.702265,41.321994,3.130000,0.080000,-0.080000,425.90000,22.00000,-22.00000,,,,1.34000,0.07000,-0.07000,,,
HD 80606,b,29.04,,167.429268,44.311295,0.449000,0.006000,-0.006000,1252.20000,34.96000,-34.96000,10.985,0.336,-0.336,3.94000,0.11000,-0.11000,0.980,0.030,-0.030
HD 81040,b,32.56,1.26,209.363802,42.326765,1.940000,,,2180.22195,225.64979,-225.64979,,,,6.86000,0.71000,-0.71000,,,
HD 81688,b,88.26,6.09,174.226664,46.074968,0.810000,,,858.10485,0.00000,0.00000,,,,2.70000,,,,,
HD 82886,b,112.23,10.50,190.027568,47.768699,1.650000,,,413.00000,0.00000,0.00000,,,,1.30000,,,,,
HD 82943,b,27.46,0.62,245.842637,28.251215,1.180000,,,556.00000,0.00000,0.00000,,,,1.75000,,,,,
HD 82943,c,27.46,0.62,245.842637,28.251215,0.747000,,,639.00000,0.00000,0.00000,,,,2.01000,,,,,
HD 83443,b,43.53,1.64,269.595451,6.679256,0.040600,0.002300,-0.002300,127.00000,11.00000,-11.00000,,,,0.40000,0.03400,-0.03400,,,
HD 8535,b,56.34,2.55,279.920575,-74.388894,,,,200.22446,0.00000,0.00000,,,,0.63000,,,,,
HD 85390,b,33.96,0.94,275.545963,3.185510,,,,44.49433,0.00000,0.00000,,,,0.14000,,,,,
HD 85512,b,11.15,0.10,271.675935,8.159949,0.260000,0.005000,-0.005000,3.60000,0.50000,-0.50000,,,,0.01133,0.00157,-0.00157,,,
HD 8574,b,44.15,1.54,131.850302,-33.719514,0.757000,0.005000,-0.005000,572.00000,19.00000,-19.00000,,,,1.80000,0.06000,-0.06000,,,
HD 86081,b,91.16,9.06,242.200793,37.609730,0.039000,,,476.72492,0.00000,0.00000,,,,1.50000,,,,,
HD 86226,b,42.48,1.48,259.395127,23.629380,2.600000,0.400000,-0.400000,476.72500,317.81700,-317.81700,,,,1.50000,1.00000,-1.00000,,,
HD 86264,b,72.57,4.08,253.159847,29.655768,2.860000,0.070000,-0.070000,2224.71628,508.50658,-508.50658,,,,7.00000,1.60000,-1.60000,,,
HD 8673,b,38.26,1.12,131.000228,-27.747646,3.020000,0.150000,-0.150000,4513.00000,508.50700,-508.50700,,,,14.20000,1.60000,-1.60000,,,
HD 87883,b,18.06,0.30,191.186608,54.540507,3.600000,0.080000,-0.080000,565.71357,108.05765,-108.05765,,,,1.78000,0.34000,-0.34000,,,
HD 88133,b,74.46,5.92,217.810456,51.898177,0.047000,,,69.91965,0.00000,0.00000,,,,0.22000,,,,,
HD 89307,b,30.88,0.92,227.304203,51.395667,3.270000,0.070000,-0.070000,565.71357,41.31616,-41.31616,,,,1.78000,0.13000,-0.13000,,,
HD 89744,b,38.99,1.04,178.389916,56.393689,0.890000,,,2539.35472,0.00000,0.00000,,,,7.99000,,,,,
HD 90156,b,22.09,0.36,268.372720,23.152132,,,,17.47991,0.00000,0.00000,,,,0.05500,,,,,
HD 92788,b,32.32,1.00,251.207220,47.352309,0.970000,,,1226.77212,0.00000,0.00000,,,,3.86000,,,,,
HD 93083,b,28.90,0.81,274.645270,22.221547,0.477000,,,117.59215,0.00000,0.00000,,,,0.37000,,,,,
HD 93385,b,42.52,1.52,279.100518,15.542511,0.111600,,,8.35900,0.00000,0.00000,,,,0.02630,,,,,
HD 93385,c,42.52,1.52,279.100518,15.542511,0.257000,,,10.11000,0.00000,0.00000,,,,0.03180,,,,,
HD 9446,b,52.85,2.80,133.797807,-32.720986,0.189000,0.006000,-0.006000,222.47200,19.06900,-19.06900,,,,0.70000,0.06000,-0.06000,,,
HD 9446,c,52.85,2.80,133.797807,-32.720986,0.654000,0.022000,-0.022000,578.42600,54.02880,-54.02880,,,,1.82000,0.17000,-0.17000,,,
HD 95089,b,149.03,19.67,251.412506,52.943472,1.510000,0.050000,-0.050000,381.38000,31.78170,-31.78170,,,,1.20000,0.10000,-0.10000,,,
HD 96063,b,132.80,16.39,257.778448,50.760624,0.990000,,,290.00000,0.00000,0.00000,,,,0.90000,,,,,
HD 96127,b,221.24,,166.965638,62.735597,1.400000,,,1300.00000,0.00000,0.00000,,,,4.00000,,,,,
HD 96167,b,84.03,8.22,264.808564,44.578514,1.300000,0.070000,-0.070000,216.11500,57.20700,-57.20700,,,,0.68000,0.18000,-0.18000,,,
HD 96700,b,26.21,0.58,277.732593,27.582260,0.077400,,,9.02600,0.00000,0.00000,,,,0.02840,,,,,
HD 96700,c,26.21,0.58,277.732593,27.582260,0.422000,,,13.00000,0.00000,0.00000,,,,0.04000,,,,,
HD 97658,b,21.30,0.43,211.161966,68.295399,0.083100,0.001100,-0.001100,8.26323,1.27127,-1.27127,,,,0.02600,0.00400,-0.00400,,,
HD 98219,b,150.38,18.62,276.920577,34.122772,1.230000,,,572.00000,0.00000,0.00000,,,,1.80000,,,,,
HIP 55409,b,42.77,1.75,277.305382,35.107211,,,,2225.00000,,,,,,7.00089,,,,,
HD 99109,b,60.46,4.44,263.238611,54.484037,1.105000,0.065000,-0.065000,159.54394,22.24716,-22.24716,,,,0.50200,0.07000,-0.07000,,,
HD 99492,b,17.99,1.01,259.279563,58.508400,0.121860,0.000020,-0.000020,27.65000,1.90690,-1.90690,,,,0.08700,0.00600,-0.00600,,,
HD 99492,c,17.99,1.01,259.279563,58.508400,5.400000,0.500000,-0.500000,114.41400,19.06900,-19.06900,,,,0.36000,0.06000,-0.06000,,,
HD 99706,b,130.89,13.24,162.266818,66.296970,2.140000,,,445.00000,0.00000,0.00000,,,,1.40000,,,,,
HIP 11952,b,115.34,19.92,186.496279,-61.783773,0.810000,0.020000,-0.020000,931.20300,133.48300,-133.48300,,,,2.93000,0.42000,-0.42000,,,
HIP 11952,c,115.34,19.92,186.496279,-61.783773,0.070000,0.010000,-0.010000,247.89700,50.85100,-50.85100,,,,0.78000,0.16000,-0.16000,,,
HIP 12961,b,23.80,0.86,210.539391,-63.651535,,,,149.37381,0.00000,0.00000,,,,0.47000,,,,,
HIP 13044,b,223.21,,240.226542,-63.806529,0.116000,0.010000,-0.010000,397.27100,15.89080,-15.89080,,,,1.25000,0.05000,-0.05000,,,
HIP 14810,b,52.88,3.77,161.550961,-31.094518,0.069200,0.004000,-0.004000,1233.12845,101.70132,-101.70132,,,,3.88000,0.32000,-0.32000,,,
HIP 14810,c,52.88,3.77,161.550961,-31.094518,0.545000,0.031000,-0.031000,406.80526,31.78166,-31.78166,,,,1.28000,0.10000,-0.10000,,,
HIP 14810,d,52.88,3.77,161.550961,-31.094518,1.890000,0.110000,-0.110000,181.15500,16.52600,-16.52600,,,,0.57000,0.05200,-0.05200,,,
HIP 5158,b,44.80,3.89,159.036135,-84.271115,0.890000,,,451.00000,0.00000,0.00000,,,,1.42000,,,,,
HIP 5158,c,44.80,3.89,159.036135,-84.271115,7.700000,1.880000,-1.880000,4779.96000,3352.97000,-3352.97000,,,,15.04000,10.55000,-10.55000,,,
HIP 57050,b,11.03,0.36,160.612622,68.918003,0.163506,0.000042,-0.000042,94.70940,7.94542,-7.94542,,,,0.29800,0.02500,-0.02500,,,
HIP 57274,b,25.87,0.71,194.246675,74.932183,0.070000,,,11.40000,0.00000,0.00000,,,,0.03600,,,,,
HIP 57274,c,25.87,0.71,194.246675,74.932183,0.178000,,,130.00000,0.00000,0.00000,,,,0.41000,,,,,
HIP 57274,d,25.87,0.71,194.246675,74.932183,1.010000,,,167.50000,0.00000,0.00000,,,,0.52700,,,,,
HIP 70849,b,23.98,1.11,319.967812,13.145278,,,,1589.08306,0.00000,0.00000,,,,5.00000,,,,,
HIP 75458,b,31.33,0.49,93.971038,48.627879,1.275000,0.074000,-0.074000,2803.14251,228.82796,-228.82796,,,,8.82000,0.72000,-0.72000,,,
HIP 78530,b,131.93,14.28,350.870628,22.681059,,,,7322.49000,1271.27000,-1271.27000,,,,23.04000,4.00000,-4.00000,,,
HIP 79431,b,14.90,0.75,355.200221,22.969669,0.360000,,,667.41500,0.00000,0.00000,,,,2.10000,,,,,
HIP 107350,b,18.39,0.28,69.859355,-28.269284,773.000000,13.000000,-13.000000,6991.57000,2996.39000,-2996.39000,11.777,1.527,-0.654,21.99870,9.42803,-9.42803,1.051,0.136,-0.058
HR 810,b,17.24,0.16,268.809626,-58.323534,0.910000,0.104000,-0.104000,616.56423,57.20699,-57.20699,,,,1.94000,0.18000,-0.18000,,,
HR 8799,b,39.94,1.31,92.764215,-35.575078,68.000000,,,2000.00000,1000.00000,-600.00000,13.000,1.000,-1.000,7.00000,4.00000,-2.00000,1.200,0.100,-0.100
HR 8799,c,39.94,1.31,92.764215,-35.575078,38.000000,,,3000.00000,1000.00000,-1000.00000,13.000,1.000,0.000,10.00000,3.00000,-3.00000,1.200,0.100,0.000
HR 8799,d,39.94,1.31,92.764215,-35.575078,24.000000,,,3000.00000,1000.00000,-1000.00000,13.000,1.000,0.000,10.00000,3.00000,-3.00000,1.200,0.100,0.000
HR 8799,e,39.94,1.31,92.764215,-35.575078,14.500000,0.500000,-0.500000,,,,,,,,,,,,
HW Vir,b,130.72,,299.933984,54.159072,,,,6102.07893,,,,,,19.20000,,,,,
HW Vir,c,130.72,,299.933984,54.159072,,,,2701.44119,,,,,,8.50000,,,,,
kappa CrB,b,31.12,0.58,57.016934,51.041377,2.600000,,,508.50700,,,,,,1.60000,,,,,
KELT-1,b,262.00,14.00,112.503911,-22.473519,0.024660,0.000160,-0.000160,8654.15000,158.90800,-152.55200,12.442,0.359,-0.247,27.23000,0.50000,-0.48000,1.110,0.032,-0.022
KELT-2A,b,124.22,16.58,180.950233,5.708274,0.054960,0.000390,-0.000360,483.71700,24.78970,-24.47190,14.415,0.729,-0.527,1.52200,0.07800,-0.07700,1.286,0.065,-0.047
Kepler-10,b,173.00,27.00,80.489685,18.816234,0.016840,0.000320,-0.000340,4.56000,1.17000,-1.29000,1.416,0.033,-0.036,0.01430,0.00360,-0.00400,0.127,0.003,-0.003
Kepler-10,c,173.00,27.00,80.489685,18.816234,0.240700,0.004400,-0.005300,20.00000,,,2.227,0.052,-0.057,0.06293,,,0.199,0.005,-0.005
Kepler-11,b,613.00,,76.161295,8.133360,0.091000,0.003000,-0.003000,4.30000,2.20000,-2.00000,1.970,0.190,-0.190,0.01353,0.00692,-0.00629,0.176,0.017,-0.017
Kepler-11,c,613.00,,76.161295,8.133360,0.106000,0.004000,-0.004000,13.50000,4.80000,-6.10000,3.150,0.300,-0.300,0.04250,0.01510,-0.01980,0.282,0.027,-0.027
Kepler-11,d,613.00,,76.161295,8.133360,0.159000,0.005000,-0.005000,6.10000,3.10000,-1.70000,3.430,0.320,-0.320,0.01919,0.00975,-0.00535,0.307,0.029,-0.029
Kepler-11,e,613.00,,76.161295,8.133360,0.194000,0.007000,-0.007000,8.40000,2.50000,-1.90000,4.520,0.430,-0.430,0.02643,0.00787,-0.00598,0.404,0.038,-0.038
Kepler-11,f,613.00,,76.161295,8.133360,0.250000,0.009000,-0.009000,2.30000,2.20000,-1.20000,2.610,0.250,-0.250,0.00724,0.00692,-0.00378,0.234,0.022,-0.022
Kepler-11,g,613.00,,76.161295,8.133360,0.462000,0.016000,-0.016000,300.00000,,,3.660,0.350,-0.350,0.95000,,,0.327,0.031,-0.031
Kepler-12,b,600.00,,80.423384,18.407464,0.055600,0.000700,-0.000700,137.00000,13.00000,-12.70000,18.999,0.314,-0.359,0.43100,0.04100,-0.04000,1.695,0.028,-0.032
Kepler-14,b,600.00,,78.152825,16.516947,,,,2669.66000,60.38520,-57.20700,12.733,0.818,-0.605,8.40000,0.19000,-0.18000,1.136,0.073,-0.054
Kepler-15,b,,,82.303656,12.152630,0.057140,0.000860,-0.000930,209.75900,25.42530,-28.60350,10.761,0.673,-0.785,0.66000,0.08000,-0.09000,0.960,0.060,-0.070
Kepler-16,b,61.00,,82.785564,17.366238,0.704800,0.001100,-0.001100,105.80000,5.09000,-5.09000,8.449,0.029,-0.029,0.33300,0.01600,-0.01600,0.754,0.003,-0.003
Kepler-17,b,,,81.824926,10.241738,0.025910,0.000370,-0.000360,778.65100,36.23110,-36.23110,14.706,0.202,-0.202,2.45000,0.11400,-0.11400,1.312,0.018,-0.018
Kepler-18,b,,,79.007432,8.920195,0.044700,0.000600,-0.000600,6.90000,3.40000,-3.40000,2.000,0.100,-0.100,0.02170,0.01070,-0.01070,0.178,0.009,-0.009
Kepler-18,c,,,79.007432,8.920195,0.075200,0.001100,-0.001100,17.30000,1.90000,-1.90000,5.490,0.260,-0.260,0.05443,0.00598,-0.00598,0.490,0.023,-0.023
Kepler-18,d,,,79.007432,8.920195,0.117200,0.001700,-0.001700,16.40000,1.40000,-1.40000,6.980,0.330,-0.330,0.05160,0.00441,-0.00441,0.623,0.029,-0.029
Kepler-19,b,2119.00,,70.102377,10.797104,,,,14.00000,,,2.209,0.048,-0.048,0.04405,,,0.197,0.004,-0.004
Kepler-20,b,290.00,30.00,73.377020,14.573594,0.045370,0.000540,-0.000600,8.70000,2.10000,-2.20000,1.910,0.120,-0.210,0.02740,0.00661,-0.00692,0.170,0.011,-0.019
Kepler-20,c,290.00,30.00,73.377020,14.573594,0.093000,0.001100,-0.001100,16.10000,3.30000,-3.70000,3.070,0.200,-0.310,0.05066,0.01040,-0.01160,0.274,0.018,-0.028
Kepler-20,d,290.00,30.00,73.377020,14.573594,0.345300,0.004100,-0.004600,20.10000,,,2.750,0.170,-0.300,0.06324,,,0.245,0.015,-0.027
Kepler-20,e,290.00,30.00,73.377020,14.573594,,,,3.08000,,,0.868,0.074,-0.096,0.00969,,,0.077,0.007,-0.009
Kepler-20,f,290.00,30.00,73.377020,14.573594,,,,14.30000,,,1.030,0.100,-0.170,0.04499,,,0.092,0.009,-0.015
Kepler-21,b,107.88,8.47,69.856227,13.336874,0.042507,0.000098,-0.000119,10.40000,,,1.635,0.038,-0.043,0.03272,,,0.146,0.003,-0.004
Kepler-22,b,190.00,,79.091866,15.792364,0.849000,0.018000,-0.017000,,,,2.380,0.130,-0.130,,,,0.212,0.012,-0.012
Kepler-23,b,800.00,,82.013654,13.458059,0.075000,,,250.00000,,,1.900,,,0.80000,,,0.170,,
Kepler-23,c,800.00,,82.013654,13.458059,0.099000,,,858.00000,,,3.200,,,2.70000,,,0.285,,
Kepler-24,b,1200.00,,70.549869,11.018412,0.080000,,,509.00000,,,2.400,,,1.60000,,,0.214,,
Kepler-24,c,1200.00,,70.549869,11.018412,0.106000,,,509.00000,,,2.400,,,1.60000,,,0.214,,
Kepler-25,b,,,70.349654,14.164116,0.068000,,,4036.00000,,,2.600,,,12.70000,,,0.232,,
Kepler-25,c,,,70.349654,14.164116,0.110000,,,1322.00000,,,4.500,,,4.16000,,,0.401,,
Kepler-26,b,,,76.680019,17.992986,0.085000,,,120.80000,,,3.600,,,0.38000,,,0.321,,
Kepler-26,c,,,76.680019,17.992986,0.107000,,,119.20000,,,3.600,,,0.37500,,,0.321,,
Kepler-27,b,,,73.687041,10.974464,0.118000,,,2895.00000,,,4.000,,,9.11000,,,0.357,,
Kepler-27,c,,,73.687041,10.974464,0.191000,,,4386.00000,,,4.900,,,13.80000,,,0.437,,
Kepler-28,b,,,74.880406,11.638758,0.062000,,,479.90000,,,3.600,,,1.51000,,,0.321,,
Kepler-28,c,,,74.880406,11.638758,0.081000,,,432.20000,,,3.400,,,1.36000,,,0.303,,
Kepler-29,b,1400.00,,81.522546,10.110383,0.090000,,,130.00000,,,3.600,0.500,-0.500,0.40000,,,0.321,0.045,-0.045
Kepler-29,c,1400.00,,81.522546,10.110383,0.110000,,,95.00000,,,2.900,0.400,-0.400,0.30000,,,0.259,0.036,-0.036
Kepler-30,b,1400.00,,69.407080,14.913405,0.180000,,,64.00000,,,3.700,0.500,-0.500,0.20000,,,0.330,0.045,-0.045
Kepler-30,c,1400.00,,69.407080,14.913405,0.300000,,,2890.00000,,,14.400,1.800,-1.800,9.10000,,,1.285,0.161,-0.161
Kepler-30,d,1400.00,,69.407080,14.913405,0.500000,,,5403.00000,,,10.700,1.400,-1.400,17.00000,,,0.955,0.125,-0.125
Kepler-31,b,2100.00,,78.626968,11.957206,0.160000,,,,,,4.300,0.800,-0.800,,,,0.384,0.071,-0.071
Kepler-31,c,2100.00,,78.626968,11.957206,0.260000,,,1490.00000,,,4.200,0.800,-0.800,4.70000,,,0.375,0.071,-0.071
Kepler-32,b,280.00,,80.539109,9.962307,0.050000,,,1300.00000,,,4.100,0.400,-0.400,4.10000,,,0.366,0.036,-0.036
Kepler-32,c,280.00,,80.539109,9.962307,0.090000,,,160.00000,,,3.700,0.400,-0.400,0.50000,,,0.330,0.036,-0.036
Kepler-33,b,,,77.262828,15.134208,0.067700,0.001400,-0.001400,,,,1.740,0.180,-0.180,,,,0.155,0.016,-0.016
Kepler-33,c,,,77.262828,15.134208,0.118900,0.002500,-0.002500,,,,3.200,0.300,-0.300,,,,0.285,0.027,-0.027
Kepler-33,d,,,77.262828,15.134208,0.166200,0.003500,-0.003500,,,,5.350,0.490,-0.490,,,,0.477,0.044,-0.044
Kepler-33,e,,,77.262828,15.134208,0.213800,0.004500,-0.004500,,,,4.020,0.380,-0.380,,,,0.359,0.034,-0.034
Kepler-33,f,,,77.262828,15.134208,0.253500,0.005400,-0.005400,,,,4.460,0.410,-0.410,,,,0.398,0.037,-0.037
Kepler-34,b,1499.00,33.00,78.338673,9.890152,1.089600,0.000900,-0.000900,69.92000,3.50000,-3.18000,8.564,0.135,-0.157,0.22000,0.01100,-0.01000,0.764,0.012,-0.014
Kepler-35,b,1645.00,43.00,79.541348,12.043345,0.603470,0.001010,-0.001030,40.36000,6.36000,-6.36000,8.160,0.157,-0.157,0.12700,0.02000,-0.02000,0.728,0.014,-0.014
Kepler-36,b,470.00,,80.932793,15.102011,0.115300,0.001500,-0.001500,4.45000,0.33000,-0.27000,1.486,0.035,-0.035,0.01400,0.00100,-0.00080,0.133,0.003,-0.003
Kepler-36,c,470.00,,80.932793,15.102011,0.128300,0.001600,-0.001600,8.08000,0.60000,-0.46000,3.679,0.054,-0.054,0.02540,0.00190,-0.00140,0.328,0.005,-0.005
Kepler-48,b,,,76.090019,6.338926,,,,,,,2.140,,,,,,0.191,,
Kepler-48,c,,,76.090019,6.338926,,,,,,,3.140,,,,,,0.280,,
Kepler-49,b,,,73.257294,10.713872,,,,,,,2.720,,,,,,0.243,,
Kepler-49,c,,,73.257294,10.713872,,,,,,,2.550,,,,,,0.227,,
Kepler-4,b,550.00,80.00,80.370077,18.818498,0.045600,0.000900,-0.000900,24.47190,3.81380,-3.81380,4.002,0.213,-0.213,0.07700,0.01200,-0.01200,0.357,0.019,-0.019
Kepler-50,b,,,80.870056,17.292683,,,,,,,2.200,,,,,,0.196,,
Kepler-50,c,,,80.870056,17.292683,,,,,,,2.790,,,,,,0.249,,
Kepler-51,b,,,83.112602,12.362431,,,,,,,7.050,,,,,,0.629,,
Kepler-51,c,,,83.112602,12.362431,,,,,,,5.710,,,,,,0.509,,
Kepler-52,b,,,80.478264,18.087202,,,,,,,2.100,,,,,,0.187,,
Kepler-52,c,,,80.478264,18.087202,,,,,,,1.840,,,,,,0.164,,
Kepler-53,b,,,72.604782,11.950549,,,,,,,2.890,,,,,,0.258,,
Kepler-53,c,,,72.604782,11.950549,,,,,,,3.170,,,,,,0.283,,
Kepler-54,b,,,76.344940,10.198136,,,,,,,2.100,,,,,,0.187,,
Kepler-54,c,,,76.344940,10.198136,,,,,,,1.230,,,,,,0.110,,
Kepler-55,b,,,74.258049,16.925295,,,,,,,2.430,,,,,,0.217,,
Kepler-55,c,,,74.258049,16.925295,,,,,,,2.210,,,,,,0.197,,
Kepler-56,b,,,74.925629,10.314409,,,,,,,3.840,,,,,,0.343,,
Kepler-56,c,,,74.925629,10.314409,,,,,,,7.850,,,,,,0.700,,
Kepler-57,b,,,77.412567,11.657741,,,,,,,2.190,,,,,,0.195,,
Kepler-57,c,,,77.412567,11.657741,,,,,,,1.550,,,,,,0.138,,
Kepler-58,b,,,73.419014,7.266343,,,,,,,2.780,,,,,,0.248,,
Kepler-58,c,,,73.419014,7.266343,,,,,,,2.860,,,,,,0.255,,
Kepler-59,b,,,77.303368,16.677605,,,,,,,1.100,,,,,,0.098,,
Kepler-59,c,,,77.303368,16.677605,,,,,,,1.980,,,,,,0.177,,
Kepler-5,b,,,78.866355,7.742768,0.050640,0.000700,-0.000700,671.86400,17.79770,-18.75120,16.040,0.460,-0.583,2.11400,0.05600,-0.05900,1.431,0.041,-0.052
Kepler-60,b,,,73.699402,13.689974,,,,,,,2.280,,,,,,0.203,,
Kepler-60,c,,,73.699402,13.689974,,,,,,,2.470,,,,,,0.220,,
Kepler-60,d,,,73.699402,13.689974,,,,,,,2.550,,,,,,0.227,,
Kepler-6,b,,,81.692659,11.359476,0.045670,0.000550,-0.000460,212.61900,7.94542,-9.53450,14.829,0.291,-0.325,0.66900,0.02500,-0.03000,1.323,0.026,-0.029
Kepler-7,b,,,72.477827,13.462905,0.062240,0.001090,-0.000840,137.61500,12.71270,-13.03050,16.567,0.560,-0.572,0.43300,0.04000,-0.04100,1.478,0.050,-0.051
Kepler-8,b,1330.00,80.00,71.658860,19.012843,0.048300,0.000600,-0.001200,191.64300,41.31620,-60.38520,15.905,0.628,-0.650,0.60300,0.13000,-0.19000,1.419,0.056,-0.058
Kepler-9,b,650.00,,68.980138,14.489877,0.140000,0.001000,-0.001000,80.08980,4.13162,-4.13162,9.438,0.773,-0.773,0.25200,0.01300,-0.01300,0.842,0.069,-0.069
Kepler-9,c,650.00,,68.980138,14.489877,0.225000,0.001000,-0.001000,54.34660,4.13162,-4.13162,9.225,0.751,-0.751,0.17100,0.01300,-0.01300,0.823,0.067,-0.067
Kepler-9,d,650.00,,68.980138,14.489877,0.027300,0.000420,-0.000430,,,,1.640,0.190,-0.140,,,,0.146,0.017,-0.013
KOI-1725,b,,,78.169113,19.451017,0.075100,0.001400,-0.001400,,,,2.650,0.670,-0.670,,,,0.236,0.060,-0.060
KOI-1727,b,,,71.587006,16.613104,0.267200,0.003600,-0.003600,,,,8.050,1.080,-1.080,,,,0.718,0.096,-0.096
Kepler-43,b,1950.00,,76.856908,17.836659,0.044900,0.001000,-0.001000,1026.55000,60.38500,-60.38500,13.451,0.673,-0.673,3.23000,0.19000,-0.19000,1.200,0.060,-0.060
KOI-13,b,,,77.505951,16.806620,,,,,,,16.197,0.179,-0.179,,,,1.445,0.016,-0.016
Kepler-41,b,770.00,100.00,78.902009,11.711501,0.030000,0.001000,-0.001000,174.79900,28.60400,-28.60400,9.976,0.560,-0.560,0.55000,0.09000,-0.09000,0.890,0.050,-0.050
Kepler-44,b,2250.00,300.00,80.619822,8.200931,0.045500,0.001300,-0.001300,324.17300,22.24700,-22.24700,13.899,0.785,-0.785,1.02000,0.07000,-0.07000,1.240,0.070,-0.070
Kepler-45,b,333.00,33.00,73.887154,10.536433,,,,160.49700,28.60400,-28.60400,10.761,1.233,-1.233,0.50500,0.09000,-0.09000,0.960,0.110,-0.110
Kepler-39,b,1200.00,250.00,79.759575,10.234081,0.155000,0.003000,-0.003000,5720.70000,295.56900,-289.21300,13.675,1.345,-1.121,18.00000,0.93000,-0.91000,1.220,0.120,-0.100
Kepler-40,b,2700.00,200.00,81.044764,11.035147,0.080000,0.003000,-0.003000,699.19700,127.12700,-127.12700,13.115,0.448,-0.448,2.20000,0.40000,-0.40000,1.170,0.040,-0.040
KOI-55,b,1180.00,95.00,75.161149,8.231240,0.006000,,,0.44000,,,0.759,,,0.00140,,,0.068,,
KOI-55,c,1180.00,95.00,75.161149,8.231240,0.007600,,,0.65500,,,0.867,,,0.00210,,,0.077,,
Kepler-46,b,855.00,68.00,74.113785,13.623645,0.196800,0.002900,-0.002800,1906.90000,,,9.057,0.471,-0.482,6.00000,,,0.808,0.042,-0.043
Kepler-46,c,855.00,68.00,74.113785,13.623645,0.279900,0.004100,-0.004000,119.49900,6.67400,-6.03900,,,,0.37600,0.02100,-0.01900,,,
Kepler-42,b,38.70,6.30,76.918760,12.548085,0.011600,,,,,,0.780,0.220,-0.220,,,,0.070,0.020,-0.020
Kepler-42,c,38.70,6.30,76.918760,12.548085,0.006000,,,,,,0.730,0.200,-0.200,,,,0.065,0.018,-0.018
Kepler-42,d,38.70,6.30,76.918760,12.548085,0.015400,,,,,,0.570,0.180,-0.180,,,,0.051,0.016,-0.016
ksi Aql,b,62.66,3.73,47.812817,-9.854721,0.680000,,,889.88651,0.00000,0.00000,,,,2.80000,,,,,
LKCA 15,b,,,176.689700,-15.981634,,,,1906.90000,317.81700,-317.81700,,,,6.00000,1.00000,-1.00000,,,
Lupus-TR-3,b,2000.00,,331.367213,10.951003,0.046400,0.000700,-0.000700,257.43100,57.20700,-57.20700,9.976,0.785,-0.785,0.81000,0.18000,-0.18000,0.890,0.070,-0.070
MOA-2007-BLG-192-L,b,,,4.030846,-3.387593,,,,3.17817,4.76725,-1.58908,,,,0.01000,0.01500,-0.00500,,,
MOA-2007-BLG-400-L,b,,,2.381269,-4.700741,,,,286.03495,127.12664,-127.12664,,,,0.90000,0.40000,-0.40000,,,
MOA-2008-BLG-310-L,b,,,355.914434,-4.562487,,,,73.09782,15.89083,-15.89083,,,,0.23000,0.05000,-0.05000,,,
MOA-2009-BLG-266-L,b,,,355.069932,-3.580897,,,,10.39260,1.58908,-1.58908,,,,0.03270,0.00500,-0.00500,,,
MOA-2009-BLG-319-L,b,,,4.202203,-3.014318,,,,49.89720,43.85870,-23.83620,,,,0.15700,0.13800,-0.07500,,,
MOA-2009-BLG-387-L,b,,,356.556406,-4.096243,,,,826.32300,1303.05000,-508.50700,,,,2.60000,4.10000,-1.60000,,,
MOA-2010-BLG-477L,b,2300.00,600.00,0.045935,-5.094955,2.000000,3.000000,-1.000000,476.72500,254.25300,-95.34500,,,,1.50000,0.80000,-0.30000,,,
NGC 2423 3,b,,,230.520593,3.531344,2.100000,,,3368.85608,0.00000,0.00000,,,,10.60000,,,,,
NGC 4349 No 127,b,,,299.718038,0.831085,2.380000,,,6292.76890,0.00000,0.00000,,,,19.80000,,,,,
NN Ser (ab),c,,,23.652960,45.338912,5.380000,0.200000,-0.200000,2196.11000,171.62100,-171.62100,,,,6.91000,0.54000,-0.54000,,,
NN Ser (ab),d,,,23.652960,45.338912,3.390000,0.100000,-0.100000,724.62200,120.77000,-120.77000,,,,2.28000,0.38000,-0.38000,,,
HIP 88048,b,46.84,1.67,18.167894,6.974494,1.900000,,,7627.60000,,,,,,24.00000,,,,,
HIP 88048,c,46.84,1.67,18.167894,6.974494,6.100000,,,8581.05000,,,,,,27.00000,,,,,
NY Vir,b,,,326.172401,58.687773,3.300000,,,730.97800,95.34500,-95.34500,,,,2.30000,0.30000,-0.30000,,,
OGLE-05-071L,b,,,355.580141,-3.786345,,,,1207.70300,127.12700,-127.12700,,,,3.80000,0.40000,-0.40000,,,
OGLE-05-169L,b,,,0.676832,-4.739985,,,,12.71266,,,,,,0.04000,,,,,
OGLE-05-390L,b,,,359.732499,-2.361536,,,,5.40288,,,,,,0.01700,,,,,
OGLE-06-109L,b,,,359.791319,-1.889969,,,,225.64979,25.42533,-25.42533,,,,0.71000,0.08000,-0.08000,,,
OGLE-06-109L,c,,,359.791319,-1.889969,,,,85.81048,9.53450,-9.53450,,,,0.27000,0.03000,-0.03000,,,
OGLE-2007-BLG-368L,b,,,358.348728,-3.686006,,,,22.05647,,,,,,0.06940,,,,,
OGLE235-MOA53,b,,,1.773047,-2.931153,,,,826.32319,254.25329,-254.25329,,,,2.60000,0.80000,-0.80000,,,
OGLE2-TR-L9,b,,,290.771358,-0.742524,0.030800,0.000500,-0.000500,1430.17500,476.72500,-476.72500,18.046,0.448,-0.448,4.50000,1.50000,-1.50000,1.610,0.040,-0.040
OGLE-TR-10,b,,,359.851525,-1.576495,0.043400,0.001300,-0.001500,197.04600,44.49400,-44.49400,14.011,1.569,-1.345,0.62000,0.14000,-0.14000,1.250,0.140,-0.120
OGLE-TR-111,b,,,289.279347,-1.705527,0.046890,0.001000,-0.000970,174.79900,31.78200,-31.78200,11.781,0.639,-0.583,0.55000,0.10000,-0.10000,1.051,0.057,-0.052
OGLE-TR-113,b,600.00,,289.201702,-1.789452,0.022890,0.000160,-0.000150,400.44900,50.85100,-50.85100,12.251,0.314,-0.213,1.26000,0.16000,-0.16000,1.093,0.028,-0.019
OGLE-TR-132,b,2500.00,250.00,289.234899,-2.342921,0.030350,0.000570,-0.000530,375.02400,44.49400,-41.31600,13.451,1.681,-1.233,1.18000,0.14000,-0.13000,1.200,0.150,-0.110
OGLE-TR-182,b,,,290.906734,-0.630581,0.051000,0.001000,-0.001000,320.99500,47.67200,-47.67200,12.666,2.690,-0.897,1.01000,0.15000,-0.15000,1.130,0.240,-0.080
OGLE-TR-211,b,,,288.399431,-3.345112,0.051000,0.001000,-0.001000,327.35100,63.56300,-63.56300,15.244,2.018,-1.009,1.03000,0.20000,-0.20000,1.360,0.180,-0.090
OGLE-TR-56,b,,,0.705194,-2.365322,0.019420,0.000150,-0.000150,441.76500,57.20700,-57.20700,15.446,1.009,-1.009,1.39000,0.18000,-0.18000,1.378,0.090,-0.090
omi CrB,b,84.03,4.92,46.209778,57.333271,0.830000,,,476.72500,,,,,,1.50000,,,,,
omi Uma,b,56.31,1.99,155.976435,35.426921,3.900000,,,1303.05000,,,,,,4.10000,,,,,
Oph 11,b,,,352.678580,17.803217,,,,6674.15000,953.45000,-953.45000,,,,21.00000,3.00000,-3.00000,,,
Pr0201,b,,,205.421771,32.970358,,,,171.62100,12.39500,-12.39500,,,,0.54000,0.03900,-0.03900,,,
Pr0211,b,,,206.527700,32.744661,,,,586.05400,20.34000,-20.34000,,,,1.84400,0.06400,-0.06400,,,
PSR 1257+12,b,,,311.309690,75.413648,0.190000,,,0.02225,,,,,,0.00007,,,,,
PSR 1257+12,c,,,311.309690,75.413648,0.360000,,,4.13162,,,,,,0.01300,,,,,
PSR 1257+12,d,,,311.309690,75.413648,0.460000,,,3.81380,0.19069,-0.19069,,,,0.01200,0.00060,-0.00060,,,
PSR B1620-26,b,,,350.976229,15.960031,23.000000,,,794.54153,317.81661,-317.81661,,,,2.50000,1.00000,-1.00000,,,
Qatar-1,b,,,98.718848,16.424325,0.023430,0.000260,-0.000250,346.42000,26.69700,-25.74300,13.047,0.504,-0.504,1.09000,0.08400,-0.08100,1.164,0.045,-0.045
Qatar-2,b,,,327.956857,53.167697,0.021490,0.000360,-0.000360,790.41000,27.33200,-27.33200,12.823,0.392,-0.392,2.48700,0.08600,-0.08600,1.144,0.035,-0.035
rho CrB,b,17.43,0.21,53.488729,48.923598,0.220000,,,330.52928,0.00000,0.00000,,,,1.04000,,,,,
HIP 63510,c,11.43,0.19,311.825376,75.085959,1168.000000,,,1997.59000,,,13.675,,,6.28536,,,1.220,,
SR 12 AB,c,,,352.979938,16.564993,,,,4131.62000,2224.72000,-2224.72000,,,,13.00000,7.00000,-7.00000,,,
SWEEPS-04,b,8500.00,,1.260039,-2.626045,0.055000,,,1207.70000,,,9.079,1.121,-1.121,3.80000,,,0.810,0.100,-0.100
SWEEPS-11,b,8500.00,,1.266725,-2.656085,0.030000,,,3082.82000,1779.77000,-1430.17000,12.666,2.354,-2.354,9.70000,5.60000,-4.50000,1.130,0.210,-0.210
tau Boo,b,15.60,0.17,358.936643,73.888976,0.046000,,,1239.48478,0.00000,0.00000,,,,3.90000,,,,,
HIP 34693,b,92.51,7.62,187.218682,17.199068,,,,5752.48000,,,,,,18.10000,,,,,
TrES-1,b,152.30,6.70,67.464444,13.440850,0.039250,0.000560,-0.000600,238.99800,14.93700,-14.62000,11.960,0.247,-0.235,0.75200,0.04700,-0.04600,1.067,0.022,-0.021
TrES-2,b,213.00,11.00,79.848583,17.808015,0.035560,0.000750,-0.000750,381.10000,16.52700,-16.52700,14.258,0.460,-0.460,1.19900,0.05200,-0.05200,1.272,0.041,-0.041
TrES-3,b,228.00,12.00,63.340111,27.289699,0.022820,0.000230,-0.000400,607.03000,23.83600,-25.42500,14.975,0.347,-0.415,1.91000,0.07500,-0.08000,1.336,0.031,-0.037
TrES-4,b,492.00,39.00,63.038806,26.993548,0.050910,0.000710,-0.000710,292.07300,23.20100,-23.20100,20.165,0.706,-0.706,0.91900,0.07300,-0.07300,1.799,0.063,-0.063
TrES-5,b,360.00,11.00,94.119004,12.742307,0.024460,0.000680,-0.000680,565.07800,20.02200,-20.02200,13.552,0.235,-0.235,1.77800,0.06300,-0.06300,1.209,0.021,-0.021
ups And,b,13.47,0.13,132.000907,-20.666090,0.059222,0.000000,-0.000000,218.53100,1.39839,-1.39839,,,,0.68760,0.00440,-0.00440,,,
ups And,c,13.47,0.13,132.000907,-20.666090,0.827774,0.000015,-0.000015,629.59500,6.03852,-6.03852,,,,1.98100,0.01900,-0.01900,,,
ups And,d,13.47,0.13,132.000907,-20.666090,2.513290,0.000750,-0.000750,1313.22000,9.21668,-9.21668,,,,4.13200,0.02900,-0.02900,,,
ups And,e,13.47,0.13,132.000907,-20.666090,5.245580,0.000670,-0.000670,336.56800,8.89887,-8.89887,,,,1.05900,0.02800,-0.02800,,,
UScoCTIO 108,b,,,354.469771,24.538893,,,,4449.43255,635.63322,-2542.53289,,,,14.00000,2.00000,-8.00000,,,
V391 Peg,b,,,82.485828,-23.029833,1.700000,0.100000,-0.100000,1017.01316,222.47163,-222.47163,,,,3.20000,0.70000,-0.70000,,,
WASP-10,b,90.00,20.00,100.111899,-27.143928,0.037810,0.001470,-0.000670,1000.00000,41.00000,-35.00000,11.545,0.785,-0.336,3.15000,0.13000,-0.11000,1.030,0.070,-0.030
WASP-11/HAT-P-10,b,121.70,4.20,155.018224,-23.462612,0.043500,0.000600,-0.000600,154.77700,5.72100,-5.72100,11.265,0.359,-0.303,0.48700,0.01800,-0.01800,1.005,0.032,-0.027
WASP-12,b,,,184.083131,8.936468,0.022900,0.004000,-0.004000,448.00000,32.00000,-312.00000,20.100,1.000,-1.000,1.41000,0.10000,-0.10000,1.790,0.090,-0.090
WASP-13,b,155.00,18.00,190.928601,44.536549,0.053620,0.000740,-0.000850,151.59900,13.98400,-15.57300,15.569,0.504,-0.628,0.47700,0.04400,-0.04900,1.389,0.045,-0.056
WASP-14,b,160.00,20.00,25.738406,66.334029,0.036000,0.001000,-0.001000,2333.00000,161.00000,-158.00000,14.360,0.840,-0.920,7.34100,0.50800,-0.49600,1.281,0.075,-0.082
WASP-15,b,,,318.436464,28.769701,0.049900,0.001800,-0.001800,172.00000,16.00000,-16.00000,16.010,0.860,-0.860,0.54200,0.05000,-0.05000,1.428,0.077,-0.077
WASP-16,b,,,329.234586,38.097242,0.042100,0.001000,-0.001800,272.00000,14.00000,-24.00000,11.300,0.930,-0.670,0.85500,0.04300,-0.07600,1.008,0.083,-0.060
WASP-17,b,400.00,60.00,345.959737,18.667756,0.051000,0.001700,-0.001800,156.00000,19.00000,-18.00000,19.500,2.900,-2.600,0.49000,0.05900,-0.05600,1.740,0.260,-0.230
WASP-18,b,105.49,11.77,279.710041,-69.321365,0.020260,0.000680,-0.000680,3314.83000,120.77000,-120.77000,13.059,0.639,-0.639,10.43000,0.38000,-0.38000,1.165,0.057,-0.057
WASP-19,b,250.00,80.00,273.405553,6.775996,0.016550,0.000130,-0.000130,371.21000,7.31000,-7.31000,15.536,0.359,-0.359,1.16800,0.02300,-0.02300,1.386,0.032,-0.032
WASP-1,b,408.00,27.00,115.366067,-30.429318,,,,292.00000,29.00000,-29.00000,16.970,0.580,-0.530,0.91800,0.09100,-0.09000,1.514,0.052,-0.047
WASP-21,b,242.00,50.00,91.754180,-38.256405,0.052000,0.000410,-0.000440,95.34500,3.17817,-3.17817,11.994,0.560,-0.560,0.30000,0.01000,-0.01000,1.070,0.050,-0.050
WASP-22,b,300.00,,216.796333,-53.923270,0.046980,0.000370,-0.000370,186.87600,5.40300,-5.40300,12.980,0.684,-0.426,0.58800,0.01700,-0.01700,1.158,0.061,-0.038
WASP-23,b,,,251.926505,-19.228595,0.037600,0.001600,-0.002400,280.95000,27.96800,-31.46400,10.783,0.527,-0.628,0.88400,0.08800,-0.09900,0.962,0.047,-0.056
WASP-24,b,,,1.862550,48.829684,0.036510,0.000280,-0.000280,340.38200,11.44100,-12.07700,14.571,0.437,-0.426,1.07100,0.03600,-0.03800,1.300,0.039,-0.038
WASP-25,b,,,305.648960,35.296814,0.047300,0.000400,-0.000400,184.33400,12.71300,-12.71300,13.675,0.673,-0.560,0.58000,0.04000,-0.04000,1.220,0.060,-0.050
WASP-26,b,250.00,15.00,88.352441,-75.871357,0.039850,0.000330,-0.000330,326.71500,6.67400,-6.67400,14.359,0.841,-0.841,1.02800,0.02100,-0.02100,1.281,0.075,-0.075
WASP-28,b,,,83.860077,-58.486355,0.045500,0.000500,-0.000500,289.21300,19.06900,-19.06900,12.554,0.673,-0.673,0.91000,0.06000,-0.06000,1.120,0.060,-0.060
WASP-29,b,70.00,,343.320549,-72.181665,0.045700,0.000600,-0.000600,77.54700,6.35600,-6.35600,8.878,0.628,-0.392,0.24400,0.02000,-0.02000,0.792,0.056,-0.035
WASP-2,b,147.00,17.00,50.773854,-18.712649,,,,290.48400,29.23900,-29.23900,12.520,0.919,-0.919,0.91400,0.09200,-0.09200,1.117,0.082,-0.082
WASP-31,b,360.00,30.00,274.225690,38.539307,0.046590,0.000350,-0.000350,151.91600,9.21700,-9.21700,17.363,0.560,-0.560,0.47800,0.02900,-0.02900,1.549,0.050,-0.050
WASP-32,b,,,104.685060,-60.404269,0.039400,0.000300,-0.000300,1144.14000,22.24700,-22.24700,13.227,0.785,-0.785,3.60000,0.07000,-0.07000,1.180,0.070,-0.070
WASP-33,b,116.14,12.62,143.096879,-21.556785,0.025550,0.000170,-0.000170,1303.05000,,,16.780,0.504,-0.504,4.10000,,,1.497,0.045,-0.045
WASP-34,b,120.00,15.00,272.918586,32.531971,0.052400,0.000400,-0.000400,187.51200,3.17800,-3.17800,13.675,1.233,-0.897,0.59000,0.01000,-0.01000,1.220,0.110,-0.080
WASP-35,b,,,206.016402,-26.620540,0.043170,0.000330,-0.000330,228.82800,19.06900,-19.06900,14.796,0.560,-0.560,0.72000,0.06000,-0.06000,1.320,0.050,-0.050
WASP-36,b,450.00,120.00,234.385501,21.088889,0.026430,0.000260,-0.000260,731.93200,21.61200,-21.61200,14.359,0.325,-0.325,2.30300,0.06800,-0.06800,1.281,0.029,-0.029
WASP-37,b,343.00,36.00,354.774143,51.822981,0.044600,0.001900,-0.001900,572.07000,54.02900,-54.02900,13.002,0.785,-0.673,1.80000,0.17000,-0.17000,1.160,0.070,-0.060
WASP-38,b,110.00,20.00,23.528268,39.032874,0.075220,0.000740,-0.000750,855.24500,18.43300,-18.43300,12.263,0.325,-0.314,2.69100,0.05800,-0.05800,1.094,0.029,-0.028
WASP-39,b,230.00,80.00,344.403446,51.371134,0.048600,0.000500,-0.000500,88.98900,9.53500,-9.53500,14.235,0.448,-0.448,0.28000,0.03000,-0.03000,1.270,0.040,-0.040
WASP-3,b,220.00,,64.175020,18.611206,0.031510,0.001500,-0.000987,559.35700,25.42500,-44.49400,14.500,0.600,-0.800,1.76000,0.08000,-0.14000,1.290,0.050,-0.070
WASP-41,b,180.00,60.00,300.653777,32.192264,0.040200,0.000500,-0.000500,292.39100,19.06900,-19.06900,13.451,0.673,-0.673,0.92000,0.06000,-0.06000,1.200,0.060,-0.060
WASP-42,b,160.00,40.00,303.028834,20.798097,0.054800,0.001700,-0.001700,158.90800,11.12400,-11.12400,12.106,0.639,-0.639,0.50000,0.03500,-0.03500,1.080,0.057,-0.057
WASP-43,b,80.00,20.00,252.786807,37.870020,0.014200,0.000400,-0.000400,565.71400,31.78200,-31.78200,10.424,0.785,-1.009,1.78000,0.10000,-0.10000,0.930,0.070,-0.090
WASP-44,b,,,92.237408,-72.639264,0.034730,0.000410,-0.000410,282.53900,19.70500,-19.70500,12.778,1.233,-1.233,0.88900,0.06200,-0.06200,1.140,0.110,-0.110
WASP-45,b,,,337.207130,-79.015522,0.040540,0.000900,-0.000900,320.04100,16.84400,-16.84400,13.002,3.138,-1.569,1.00700,0.05300,-0.05300,1.160,0.280,-0.140
WASP-46,b,,,340.697735,-42.073749,0.024480,0.000280,-0.000280,667.73300,23.20100,-23.20100,14.684,0.572,-0.572,2.10100,0.07300,-0.07300,1.310,0.051,-0.051
WASP-47,b,200.00,30.00,45.748098,-48.186878,0.052000,0.000600,-0.000600,362.31100,15.89100,-15.89100,12.890,0.448,-0.224,1.14000,0.05000,-0.05000,1.150,0.040,-0.020
WASP-48,b,,,86.882482,17.627360,0.034440,0.000450,-0.000450,311.46000,28.60400,-28.60400,18.719,1.121,-1.121,0.98000,0.09000,-0.09000,1.670,0.100,-0.100
WASP-49,b,170.00,20.00,223.265047,-17.860159,0.037900,0.001100,-0.001100,120.13500,8.58100,-8.58100,12.498,0.527,-0.527,0.37800,0.02700,-0.02700,1.115,0.047,-0.047
WASP-4,b,300.00,50.00,344.493143,-68.295846,0.023120,0.000330,-0.000330,393.13900,20.34000,-20.34000,15.838,0.224,-0.224,1.23700,0.06400,-0.06400,1.413,0.020,-0.020
WASP-50,b,230.00,40.00,189.679500,-56.789395,0.029450,0.000850,-0.000850,466.55500,28.92100,-27.33200,12.924,0.538,-0.538,1.46800,0.09100,-0.08600,1.153,0.048,-0.048
WASP-55,b,330.00,50.00,317.482529,44.133163,0.053300,0.000700,-0.000700,181.15500,12.71300,-12.71300,14.572,0.560,-0.336,0.57000,0.04000,-0.04000,1.300,0.050,-0.030
WASP-5,b,300.00,50.00,337.593339,-72.018158,0.027020,0.000590,-0.000590,498.33600,22.56500,-22.56500,13.081,0.482,-0.482,1.56800,0.07100,-0.07100,1.167,0.043,-0.043
WASP-61,b,480.00,65.00,227.121028,-34.764600,0.051400,0.000900,-0.000900,654.70200,54.02900,-54.02900,13.899,0.336,-0.336,2.06000,0.17000,-0.17000,1.240,0.030,-0.030
WASP-62,b,160.00,30.00,273.415847,-31.033437,0.056700,0.000700,-0.000700,181.15500,12.71300,-12.71300,15.581,0.673,-0.673,0.57000,0.04000,-0.04000,1.390,0.060,-0.060
WASP-63,b,330.00,50.00,245.672090,-22.720382,0.057400,0.000700,-0.000700,120.77000,9.53500,-9.53500,16.029,1.121,-0.673,0.38000,0.03000,-0.03000,1.430,0.100,-0.060
WASP-66,b,380.00,100.00,273.274382,19.782235,0.054600,0.000900,-0.000900,737.33500,41.31600,-41.31600,15.581,1.009,-1.009,2.32000,0.13000,-0.13000,1.390,0.090,-0.090
WASP-67,b,225.00,45.00,20.137928,-20.006195,0.051700,0.000800,-0.000800,133.48300,12.71300,-12.71300,15.693,3.363,-2.242,0.42000,0.04000,-0.04000,1.400,0.300,-0.200
WASP-6,b,,,38.731023,-67.195486,0.042100,0.000800,-0.001300,160.00000,6.00000,-12.00000,13.720,0.570,-0.580,0.50300,0.01900,-0.03800,1.224,0.051,-0.052
WASP-78,b,550.00,120.00,218.385513,-43.765071,0.036200,0.000800,-0.000800,282.85700,25.42500,-25.42500,19.055,1.233,-1.233,0.89000,0.08000,-0.08000,1.700,0.110,-0.110
WASP-79,b,240.00,50.00,230.541994,-43.444837,0.053500,0.000800,-0.000800,286.03500,25.42500,-25.42500,23.427,1.569,-1.569,0.90000,0.08000,-0.08000,2.090,0.140,-0.140
WASP-7,b,140.00,15.00,2.822176,-37.876944,0.061800,0.001400,-0.003300,305.10400,41.31600,-41.31600,14.908,1.042,-1.042,0.96000,0.13000,-0.13000,1.330,0.093,-0.093
WASP-8,b,87.00,7.00,354.252018,-76.394972,0.080100,0.001400,-0.001600,713.20000,25.00000,-30.00000,11.630,0.078,-0.053,2.24400,0.07900,-0.09300,1.038,0.007,-0.047
XO-1,b,172.00,12.00,45.852868,48.021248,0.049000,0.001000,-0.001000,292.39100,25.42500,-25.42500,13.563,0.336,-0.336,0.92000,0.08000,-0.08000,1.210,0.030,-0.030
XO-2,b,148.00,10.00,168.289133,29.328608,0.036800,0.000400,-0.000400,179.56600,17.16200,-17.16200,11.164,0.347,-0.202,0.56500,0.05400,-0.05400,0.996,0.031,-0.018
XO-3,b,174.00,18.00,148.097181,5.628519,0.045400,0.000820,-0.000820,3747.06000,187.51200,-187.51200,13.641,0.818,-0.818,11.79000,0.59000,-0.59000,1.217,0.073,-0.073
XO-4,b,293.00,19.00,158.635374,26.689429,0.055500,0.001100,-0.001100,546.64500,63.56300,-63.56300,15.020,0.538,-0.538,1.72000,0.20000,-0.20000,1.340,0.048,-0.048
XO-5,b,260.00,12.00,180.625629,26.934689,0.048800,0.000600,-0.000600,336.56800,8.89900,-8.89900,12.431,0.560,-0.560,1.05900,0.02800,-0.02800,1.109,0.050,-0.050
11 Com,b,110.62,9.61,264.140892,78.280522,1.290000,0.050000,-0.050000,6165.64000,476.72500,-476.72500,,,,19.40000,1.50000,-1.50000,,,
11 UMi,b,119.47,6.22,108.718982,41.044516,1.540000,0.070000,-0.070000,3337.07400,785.00700,-785.00700,,,,10.50000,2.47000,-2.47000,,,
14 And,b,76.39,3.93,106.411558,-21.050610,0.830000,,,1525.52000,0.00000,0.00000,,,,4.80000,,,,,
14 Her,b,18.15,0.19,69.170376,46.944999,2.770000,0.050000,-0.050000,1474.66900,60.38500,-60.38500,,,,4.64000,0.19000,-0.19000,,,
16 Cyg B,b,21.41,0.24,83.336460,13.204352,1.681000,0.097000,-0.097000,533.93200,47.67200,-47.67200,,,,1.68000,0.15000,-0.15000,,,
18 Del,b,73.10,3.56,58.691434,-21.974824,2.600000,,,3273.51100,0.00000,0.00000,,,,10.30000,,,,,
1RXS1609,b,,,352.890560,22.030427,330.000000,,,2542.00000,,,,,,8.00000,,,,,
24 Sex,b,74.79,4.57,245.085309,44.715734,1.333000,0.004000,-0.009000,632.45500,82.63200,-120.77000,,,,1.99000,0.26000,-0.38000,,,
24 Sex,c,74.79,4.57,245.085309,44.715734,2.080000,0.050000,-0.020000,273.32200,111.23600,-69.92000,,,,0.86000,0.35000,-0.22000,,,
2M0746+20,b,,,200.437479,20.839714,,,,9984.90000,29954.84000,-3328.32000,,,,31.42000,94.26000,-10.47000,,,
2M1207,b,,,293.790365,22.543298,41.000000,,,1271.26644,1906.89967,-317.81661,16.813,,,4.00000,6.00000,-1.00000,1.500,,
2M2140+16,b,,,70.485105,-26.437257,,,,6656.60000,26626.50000,-6656.60000,,,,20.95000,83.79000,-20.95000,,,
2M2206-20,b,,,33.361267,-51.929519,,,,9984.90000,23298.20000,-6656.60000,,,,31.42000,73.32000,-20.95000,,,
2M J044144,b,,,176.510593,-15.114249,15.000000,,,2383.62000,794.54200,-794.54200,,,,7.50000,2.50000,-2.50000,,,
30 Ari B,b,40.13,1.62,151.487634,-32.305302,0.995000,0.012000,-0.012000,3140.02800,298.74800,-298.74800,,,,9.88000,0.94000,-0.94000,,,
42 Dra,b,97.28,4.34,95.419171,27.125611,1.190000,0.010000,-0.010000,1233.12800,270.14400,-270.14400,,,,3.88000,0.85000,-0.85000,,,
47 Uma,b,14.08,0.13,175.782531,63.369127,2.100000,0.020000,-0.020000,804.07600,22.24700,-19.06900,,,,2.53000,0.07000,-0.06000,,,
47 Uma,c,14.08,0.13,175.782531,63.369127,3.600000,0.100000,-0.100000,171.62100,20.97600,-23.20100,,,,0.54000,0.06600,-0.07300,,,
47 Uma,d,14.08,0.13,175.782531,63.369127,11.600000,2.100000,-2.900000,521.21900,92.16700,-152.55200,,,,1.64000,0.29000,-0.48000,,,
4 Uma,b,77.40,4.03,151.358914,35.956900,0.870000,0.040000,-0.040000,2256.49800,508.50700,-508.50700,,,,7.10000,1.60000,-1.60000,,,
51 Peg,b,15.36,0.18,90.062611,-34.727214,0.052700,0.003000,-0.003000,150.00900,12.39500,-12.39500,,,,0.47200,0.03900,-0.03900,,,
55 Cnc,b,12.53,0.13,196.794709,37.698968,0.115000,0.000001,-0.000001,261.88100,2.22500,-2.22500,,,,0.82400,0.00700,-0.00700,,,
55 Cnc,c,12.53,0.13,196.794709,37.698968,0.240000,0.000045,-0.000045,53.71100,2.54300,-2.54300,,,,0.16900,0.00800,-0.00800,,,
55 Cnc,d,12.53,0.13,196.794709,37.698968,5.770000,0.110000,-0.110000,1218.82700,25.42500,-25.42500,,,,3.83500,0.08000,-0.08000,,,
55 Cnc,e,12.53,0.13,196.794709,37.698968,0.015830,0.000200,-0.000200,8.63000,0.35000,-0.35000,2.000,0.140,-0.140,0.02700,0.00100,-0.00100,0.178,0.012,-0.012
55 Cnc,f,12.53,0.13,196.794709,37.698968,0.781000,0.007000,-0.007000,45.76600,12.71300,-12.71300,,,,0.14400,0.04000,-0.04000,,,
61 Vir,b,8.52,0.05,311.859025,44.092637,0.050201,0.000005,-0.000005,5.08507,0.50851,-0.50851,,,,0.01600,0.00160,-0.00160,,,
61 Vir,c,8.52,0.05,311.859025,44.092637,0.217500,0.000100,-0.000100,18.21089,1.11236,-1.11236,,,,0.05730,0.00350,-0.00350,,,
61 Vir,d,8.52,0.05,311.859025,44.092637,0.476000,0.001000,-0.001000,22.88280,2.54253,-2.54253,,,,0.07200,0.00800,-0.00800,,,
6 Lyn,b,56.95,2.36,156.971465,20.189874,2.180000,0.050000,-0.060000,702.37500,34.96000,-50.85100,,,,2.21000,0.11000,-0.16000,,,
70 Vir,b,18.11,0.24,337.665279,74.100664,0.484000,0.028000,-0.028000,2380.00000,190.00000,-190.00000,,,,7.49000,0.61000,-0.61000,,,
75 Cet,b,81.50,6.87,169.944194,-54.441590,2.100000,,,953.45000,,,,,,3.00000,,,,,
7 CMa,b,19.84,0.27,228.688399,-11.796021,1.900000,0.100000,-0.100000,826.32300,190.69000,-190.69000,,,,2.60000,0.60000,-0.60000,,,
81 Cet,b,97.18,8.37,174.486548,-55.249930,2.500000,,,1684.42800,0.00000,0.00000,,,,5.30000,,,,,
AB Pic,b,45.52,1.64,266.943713,-26.930799,260.000000,,,4290.52400,158.90800,-158.90800,,,,13.50000,0.50000,-0.50000,,,
HIP 9884,b,20.21,0.40,144.578434,-36.205483,1.200000,,,572.07000,63.56330,-63.56330,,,,1.80000,0.20000,-0.20000,,,
BD-082823,b,42.09,2.67,248.496598,34.756008,0.056000,0.002000,-0.002000,14.00000,2.00000,-2.00000,,,,0.04500,0.00700,-0.00700,,,
BD-082823,c,42.09,2.67,248.496598,34.756008,0.680000,0.020000,-0.020000,100.00000,10.00000,-10.00000,,,,0.33000,0.03000,-0.03000,,,
BD-10 3166,b,,,263.285542,43.238448,0.045200,0.002600,-0.002600,146.00000,12.00000,-12.00000,,,,0.45800,0.03900,-0.03900,,,
BD+14 4559,b,50.03,3.73,64.417655,-22.630868,0.777000,,,467.19000,0.00000,0.00000,,,,1.47000,,,,,
BD-17 63,b,37.54,1.87,95.838660,-77.878025,1.340000,0.020000,-0.020000,1620.86472,38.13799,-38.13799,,,,5.10000,0.12000,-0.12000,,,
BD+20 2457,b,,,216.044637,53.952466,1.450000,,,6807.63181,0.00000,0.00000,,,,21.42000,,,,,
BD+20 2457,c,,,216.044637,53.952466,2.010000,,,3963.17314,0.00000,0.00000,,,,12.47000,,,,,
BD+20 274,b,,,138.974211,-40.233372,1.300000,,,1334.83000,,,,,,4.20000,,,,,
BD +48 738,b,,,140.808446,-9.378616,1.000000,,,289.00000,0.00000,0.00000,,,,0.91000,,,,,
beta Pic,b,19.28,0.19,258.363880,-30.611632,8.000000,,,2542.53300,1589.08300,-635.63300,,,,8.00000,4.00000,-2.00000,,,
BOKS-1,b,800.00,,79.292224,11.633380,0.047700,0.000700,-0.000700,,,,12.442,0.224,-0.224,,,,1.110,0.020,-0.020
CoRoT-10,b,345.00,70.00,37.360770,-6.952866,0.105500,0.002100,-0.002100,873.99600,50.85070,-50.85070,10.873,0.785,-0.785,2.75000,0.16000,-0.16000,0.970,0.070,-0.070
CoRoT-11,b,560.00,30.00,37.240052,4.630184,0.043600,0.005000,-0.005000,740.51300,108.05800,-108.05800,16.029,0.336,-0.336,2.33000,0.34000,-0.34000,1.430,0.030,-0.030
CoRoT-12,b,1150.00,85.00,213.131578,-2.454352,0.040160,0.000930,-0.000920,291.43800,22.24720,-20.65810,16.141,1.457,-1.457,0.91700,0.07000,-0.06500,1.440,0.130,-0.130
CoRoT-13,b,1060.00,100.00,217.398629,-2.439602,0.051000,0.003100,-0.003100,415.70400,20.97590,-20.97590,9.920,0.157,-0.157,1.30800,0.06600,-0.06600,0.885,0.014,-0.014
CoRoT-14,b,1340.00,100.00,218.117909,-2.020520,,,,2409.05000,146.19600,-146.19600,12.218,0.785,-0.785,7.58000,0.46000,-0.46000,1.090,0.070,-0.070
CoRoT-16,b,840.00,90.00,25.614289,1.101178,0.061800,0.001500,-0.001500,170.03200,27.01440,-26.37880,13.114,1.793,-1.569,0.53500,0.08500,-0.08300,1.170,0.160,-0.140
CoRoT-17,b,920.00,50.00,25.152987,0.666416,0.046100,0.000800,-0.000800,772.29400,95.34500,-95.34500,11.433,0.785,-0.785,2.43000,0.30000,-0.30000,1.020,0.070,-0.070
CoRoT-18,b,870.00,90.00,210.819116,-4.184836,0.029500,0.001600,-0.001600,1102.82000,120.77000,-120.77000,14.684,2.018,-2.018,3.47000,0.38000,-0.38000,1.310,0.180,-0.180
CoRoT-19,b,770.00,160.00,210.420555,-5.261174,0.051800,0.000800,-0.000800,352.80000,19.00000,-19.00000,14.460,0.340,-0.340,1.11000,0.06000,-0.06000,1.290,0.030,-0.030
CoRoT-1,b,,,215.338872,-2.107036,0.025400,0.000400,-0.000400,327.35111,38.13799,-38.13799,16.701,0.897,-0.897,1.03000,0.12000,-0.12000,1.490,0.080,-0.080
CoRoT-20,b,1230.00,120.00,210.381237,-4.468533,0.090200,,,1348.00000,,,9.420,,,4.24000,,,0.840,,
CoRoT-23,b,600.00,50.00,35.417464,4.719742,0.048000,0.004000,-0.004000,890.00000,95.00000,-95.00000,11.770,1.460,-1.460,2.80000,0.30000,-0.30000,1.050,0.130,-0.130
CoRoT-2,b,,,38.262670,-7.290922,0.028100,0.000900,-0.000900,1051.97300,50.85100,-50.85100,16.421,0.325,-0.325,3.31000,0.16000,-0.16000,1.465,0.029,-0.029
CoRoT-3,b,680.00,160.00,37.262944,-8.120552,0.057000,0.003000,-0.003000,6883.90800,317.81700,-317.81700,11.321,0.785,-0.785,21.66000,1.00000,-1.00000,1.010,0.070,-0.070
CoRoT-4,b,,,213.227628,-0.898357,0.090000,0.001000,-0.001000,228.82800,25.42500,-25.42500,13.339,0.673,-0.560,0.72000,0.08000,-0.08000,1.190,0.060,-0.050
CoRoT-5,b,,,211.484737,-1.036103,0.049470,0.000260,-0.000290,148.00000,21.00000,-8.00000,15.500,0.500,-0.500,0.46700,0.06700,-0.02400,1.388,0.046,-0.047
CoRoT-6,b,,,38.062962,4.615925,0.085500,0.001500,-0.001500,941.00000,108.00000,-108.00000,13.068,0.392,-0.392,2.96000,0.34000,-0.34000,1.166,0.035,-0.035
CoRoT-7,b,150.00,20.00,213.010460,-2.178513,0.017200,0.000290,-0.000290,4.80000,0.80000,-0.80000,1.680,0.090,-0.090,0.01500,0.00300,-0.00300,0.150,0.008,-0.008
CoRoT-7,c,150.00,20.00,213.010460,-2.178513,0.046000,,,8.39036,0.88989,-0.88989,,,,0.02640,0.00280,-0.00280,,,
CoRoT-8,b,380.00,30.00,38.212920,-7.104052,0.063000,0.001000,-0.001000,69.91970,9.53450,-9.53450,6.389,0.224,-0.224,0.22000,0.03000,-0.03000,0.570,0.020,-0.020
CoRoT-9,b,460.00,,37.523411,4.662240,0.407000,0.005000,-0.005000,266.96600,22.24720,-22.24720,11.769,0.448,-0.448,0.84000,0.07000,-0.07000,1.050,0.040,-0.040
CT Cha,b,,,296.653702,-14.909141,440.000000,,,5402.88200,1906.90000,-1906.90000,24.660,9.079,-6.725,17.00000,6.00000,-6.00000,2.200,0.810,-0.600
DP Leo,b,,,230.897313,66.456659,8.600000,,,1995.88832,184.33363,-184.33363,,,,6.28000,0.58000,-0.58000,,,
eps Eridani,b,3.22,0.01,195.844698,-48.051279,3.390000,0.360000,-0.360000,492.61600,76.27600,-76.27600,,,,1.55000,0.24000,-0.24000,,,
eps Tau,b,47.53,1.78,177.596421,-19.923586,1.930000,0.030000,-0.030000,2415.40624,63.56332,-63.56332,,,,7.60000,0.20000,-0.20000,,,
Fomalhaut,b,7.69,0.05,20.488021,-64.909570,115.000000,,,953.45000,158.90800,-413.16200,,,,3.00000,0.50000,-1.30000,,,
FU Tau,b,,,172.115587,-16.960787,,,,4767.25000,,,,,,15.00000,,,,,
gamma 1 Leo,b,38.52,1.19,216.551735,54.652393,1.190000,0.020000,-0.020000,2790.42984,317.81661,-317.81661,,,,8.78000,1.00000,-1.00000,,,
gamma Cephei,b,13.79,0.10,118.992180,15.315533,2.130000,0.050000,-0.050000,540.00000,100.00000,-100.00000,,,,1.70000,0.40000,-0.40000,,,
GJ 1214,b,,,26.163964,23.610853,,,,6.37000,0.87000,-0.87000,2.740,0.060,-0.050,0.02000,0.00300,-0.00300,0.244,0.005,-0.004
GJ 3021,b,17.62,0.16,304.871337,-37.144007,0.490000,,,1071.04198,28.60349,-28.60349,,,,3.37000,0.09000,-0.09000,,,
GJ 317,b,,,246.799395,11.189974,1.150000,0.050000,-0.050000,794.54200,222.47200,-127.12700,,,,2.50000,0.70000,-0.40000,,,
GJ 317,c,,,246.799395,11.189974,25.000000,15.000000,-15.000000,635.63300,0.00000,0.00000,,,,2.00000,,,,,
GJ 3470,b,,,206.235417,21.757599,0.034800,0.001400,-0.001400,14.00000,1.70000,-1.70000,4.200,0.600,-0.600,0.04410,0.00530,-0.00530,0.375,0.054,-0.054
